text_tokens,Subjectivity,Polarity,Analysis
wisata religius yang masih depan budaya jawa tempat bersih toilet juga bersih,0.0,-0.03333333333333333,negatif
pada saat kunjung tidak muas karena fasum toilet kunci toilet yang di musholla lampu mati dan kurang bersih segera baik agar wisatawan yang kunjung tidak kecewa dan tidak kecewa bojonegoro matoh,0.0,-0.03333333333333333,negatif
bagus,0.0,0.0,netral
sangat bagus penuh nuansa religius serasa ada di zaman raja,0.0,0.0,netral
indah sejuk,0.0,0.0,netral
tempat yang penuh dengan legenda,0.0,0.0,netral
cocok buat yang ken santai dari hirup pikuk kota sih karna emng masuk hutan kayu jati mantap lah harga tiket masuk murah cuman rb per orang itu udah sama parkirnyaa tapi dari gapura kayangan api ke tempat wisatnya juah bngt sampe ak kira nyasar hehe,0.0,0.0,netral
wisata yg sangat bagus tuk kenal sejarah geologi alam krn di situ ada gas alam sejarah tempat empu tuk buat keris,0.0,0.0,netral
dulu api lihat nyala bara sekarang kurang lihat banyak batu,0.0,0.0,netral
klo ken lihat pandang api yang takjub usaha dateng malam hari selain itu suasana asa damai,0.0,0.0,netral
masih asri,0.0,0.0,netral
tempat sangat indah sangat cocok untuk wisata sama keluarga,0.0,0.0,netral
makin indah dan lengkap fasilitas mulai toilet musholla spot foto banyak pendopo jadi adem cocok untuk gathering dengan keluarga kayu jati besar bisa jadi pilih wisata alam di bojonegoro biar gak bosan,0.0,-0.03333333333333333,negatif
wisata budaya yang harus di lestari dan di promosi agar bisa jadi icon yang bawa dampak ekonomi dan nilai historis,0.0,0.0,netral
tempat dapat api abadi sumur blukuthuk pernah ikut acara ruwat massal pd thn cukup sakral khitmad,0.0,0.0,netral
wisata murah riah per orang cuma lokasi yg instagramable juga keliling hutan yg asri,0.0,0.0,netral
milik spot yang tidak milik wisata lain,0.0,0.0,netral
api yang selalu nyala walaupun hujan wisata yang bagus dan perlu di informasi dan kemas dengan lebih tarik lagi agar wisata di bojonegoro makin tingkat,0.0,0.0,netral
wisata api abadi ada pendopo ada kuliner nya,0.0,0.0,netral
wisata sejarah empu sini,0.0,0.0,netral
tempat ini sangat cocok untuk giat rombong utama untuk anak anak agar bisa ajar sejarah di bojonegoro tiket masuk wisata ini hanya sekitar rupiah dan untuk biaya parkir hanya rupiah,0.0,0.0,netral
destinasi wisata sejarah yang dapat jadi alternatif lepas penat harga tiket murah akses jalan lumayan bagus suasana sejuk dengan banyak pepoho namun bersih harus lebih tingkat,0.0,0.0,netral
kalo bisa dagang jagung bakar nya jangan bakar jagung di atas api suruh di lapak karena rusak pandang bagi yg mau foto,0.0,0.0,netral
kayangan api di bojonegoro tiket masuk klo ga salah org parkir mobil tempat kurang di pelihara dgn baik toilet kran air mati dan jorok wastafel ada beberapa kran air yg rusak jadi air netes,0.0,-0.03333333333333333,negatif
wisata jaman raja yang patut di lestari dan jaga budaya nya,0.0,0.0,netral
tempat wisata alami tempat yang asri,0.0,0.0,netral
sudah lama tidak mampir kesini nyata sudah banyak yang baru lokasi wisata lebih luas dan rapi tempat makan juga sudah banyak dan variasi teduh banyak pohon rindang,0.0,0.0,netral
oke baget,0.0,0.0,netral
review lengkap cek channel youtube bocah keluyur,0.0,0.0,netral
good place to visit,0.6000000000000001,0.7,positif
hutan jati lebat dan api buat hangat badan bakar jagung,0.0,0.0,netral
bukan masalah tempat jauh atau dekat yang buat seru adalah sama,0.0,0.0,netral
tempat bagus bersih dan nyaman untuk piknik bareng teman maupun keluarga ada mushola dn wc yg cukup bersih paling cocok waktu sore gk terlalu panas,0.0,0.0,netral
malem yg penuh hangat,0.0,0.0,netral
tempat yang tarik untuk kunjung salah satu destinasi wisata sejarah di bojonegoro yang milik potensi api abadi,0.0,0.0,netral
wisata edukasi namun harus tambah dengan fasilitas publik bagi anak,0.0,0.0,netral
tempat wisata kayangan api sangat cocok untuk libur keluarga tempat sangat nyaman teduh banyak pepoho dan ada sumber apin alam yang tak pernah padam,0.0,0.0,netral
tempat rimbun fasilitas lengkap harga tiket jangkau,0.0,0.0,netral
wisata kayangan api lokasi di kabupaten bojonegoro dengan tiket masuk rp untuk dewasa dan gratis untuk anak anak unjung bisa lihat indah fenomena geologi upa api yang tidak pernah padam nyala api sembul dari tumpu batu sumber api dari sembur gas alam yang asal dari dalam perut bumi unjung juga bisa lihat tempat buat senjata pusaka dan tempat semedi tapa banyak jual maka dan souvenir di sekitar lokasi,0.0,0.0,netral
bersih,0.0,0.0,netral
jas merah,0.0,0.0,netral
tempat nyaman,0.0,0.0,netral
lokasi adem bagus buat libur tipis tipis,0.0,0.0,netral
yah begitu nama publik area,0.0,0.0,netral
tempat nyaman bersih,0.0,0.0,netral
lumayan bagus buat nyepi lokasi nya juga bersih,0.0,0.0,netral
,0.0,0.0,netral
wisata historis tempat nya adem agak kesan mistis karena memang di hutan tempat dulu tempa senjata pada zaman raja majapahit,0.0,0.0,netral
tempat wisata di bojonegoro mana ada sumber gas dan nyala api yg kemudian kelola dengan baik bagai tempat wisata,0.0,0.0,netral
tempat yang layak kunjung biaya masuk rp orang,0.0,0.0,netral
fasilitas lengkap saran buat unjung pakai lotion anti nyamuk waktu kunjung,0.0,0.0,netral
bersih asri saya nyaman,0.0,0.0,netral
angkling dharmo,0.0,0.0,netral
salah satu tempat wisata yang ada di bojonegoro dengan tiket masuk dan parkir ada juga tempat buat semedi di lokasi api yang tak kunjung padam,0.0,0.0,netral
lokasi nyaman untuk santa,0.0,0.0,netral
bisa tambah keyaki bahwa allah swt akan tuntun rohani orang salah satu kunjung di kayangan api bojonegoro,0.0,0.0,netral
tempat wisata kayangan api yang sangat fenomelal,0.0,0.0,netral
cat nippon paint cat no di indonesia,0.0,0.0,netral
perlu kembang yg lebih baik utama fasilitas untuk permai yg tarik,0.0,0.0,netral
bakar jagung di api abadi,0.0,0.0,netral
nyaman gak panas,0.0,0.0,netral
api ada bau nya guys gak tau ya itu bau apa cuma turut ku keren banget tempat karena ada sejarah tempat ini,0.0,0.0,netral
tempat nya cocok buat rekreasi tema sejarah,0.0,0.0,netral
cocok untuk wisata libur keluarga moga bisa lebih lebih kembang lagi karena selain bagai tempat wisata tempat ini rupa situs tinggal prasejarah dari raja majapahit,0.0,0.0,netral
tempat ini masuk wisata sejarah ada kait dengan raja majapahit pernah jadi bagi penting dari even olahraga nasional sumber ambil api pon ke maaf lupa saat ini masih dapat bagi yang renovasi akan bisa jadi tempat wisata yang nyaman dan tarik jika kelola dengan baik karena tempat di tengah hutan faktor ama unjung kira sangat perlu perhati agar ziarah rasa teg aman dan nyaman wis ngono ae,0.0,0.0,netral
kayangan api salah satu destinasi wisata di bojonegoro letak di dander lokasi sekitar km dari pusat kota bojonegoro parkir luas tiket masuk juga jangkau,0.0,0.0,netral
tidak recommended tempat panas dan sepi bengkalai seperti tidak kelola dengan baik,0.0,0.0,netral
saran kesini sore atau malam hari selain hindar cuaca panas juga kalau sore apa lihat,0.0,0.0,netral
untuk obyek wisata cukup kesan tp sayang fasilitas dukung utama air di dalam toilet yg hrs di perhati,0.0,-0.03333333333333333,negatif
terus benah,0.0,0.0,netral
tempat sejuk bersih dan mudah jangka,0.0,0.0,netral
salah satu rekreasi alam yang milik bojonegoro dengan fasilitas cukup pada dan lebih eksotis lagi kalau datang pas malam jum at mistis asa,0.0,0.0,netral
sangat bagus bisa untuk terapi segala sakit,0.0,0.0,netral
api dari alam yang terus hidup dan tidak pernah mati yang saat ini jadi arena wisata di daerah bojonegoro kita bisa lewat area api sebut hingga dekat mungkin dan kita bisa foto di situ di dekat api abadi sebut dapat bilah keris yang beri tegak yang info bahwa buat keris itu dengan guna api abadi sebut selain api ini abadi sana juga dapat kolam reg belerang yang info bisa manfaat untuk awat kulit namun sayang tata area wisata itu masih belum maksimal dan tingkat attractivess nya masih relatif rendah,0.0,0.0,netral
lumayan,0.0,0.0,netral
tingkat promosi nya di medsos atau ke biro jala fasilitas lumayan lengkap ada kios maka dan oleh tradisional bisa buat foto prewedding juga,0.0,0.0,netral
apakah ini tilas empu buat keris,0.0,0.0,netral
tempat penuh dengan sejarah,0.0,0.0,netral
wisata syarat sejarah bangu rapi bagus tiket std harga pariwisata terang sejarah dll mgkn bisa lebih banyak untuk tambah kesan dan interaksi mungkin bs jg tambah musik yg sesuai tema wisata atau mini teater yg jadwal biar suasana tdk terlalu sepi beberapa bagi sedang dlm baik bersih bisa lebih tingkat lg agar lebih nyaman aktif sosmed sbg media promosi smoga sukses,0.0,0.0,netral
wisata yang bagus nikmat pada malah hari pancar api abadi sungguh cipta allah yang maha agung,0.0,0.0,netral
bagus tempat mengeg sejarah banget dan dingin sejuk banget tempat serasa kembali pulang,0.0,0.0,netral
mantab bisa ada api,0.0,0.0,netral
salah satu tempat wisata keluarga di bojonegoro yang wajib kunjung rupa salah satu iconic kota bojonegoro karena obor api olimpiade ambil di tempat ini akses tuju ke tempat wisata cukup mudah parkir luas dan biaya masuk rb per orang,0.5,0.5,positif
bersih perlu tingkat distribusi gak cantum harga,0.0,0.0,netral
selalu ada hikmat dari tiap cipta allah,0.0,0.0,netral
tempat sangat bagus sayang saat ini kurang awat utama mcknya air kadang nggak ada mohon maaf kepada kelola,0.0,0.0,netral
cocok untuk wisata edukasi generasi muda tentang budaya dan waris leluhur,0.0,0.0,netral
sepi unjung,0.0,0.0,netral
tempat luas,0.0,0.0,netral
salah satu ajaib dunia,0.0,0.0,netral
kayangan api sumber api abadi di tengah hutan jati,0.0,0.0,netral
parkir harga tiket akses ke lokasi toilet bersih,0.0,-0.03333333333333333,negatif
lebih seru dan tegang kunjung saat malam hari,0.0,0.0,netral
bagus tempat nyaman strategis mudah di jangkau,0.0,0.0,netral
ini masuk salah satu waris leluhur yang patut di lestari dan di jaga,0.0,0.0,netral
makin bagus ya sekarang wisata kayangan api nya,0.0,0.0,netral
bagus tempat adem enak buat jalan ngopi,0.0,0.0,netral
gak nyesal jauh kesini,0.0,0.0,netral
lumayan,0.0,0.0,netral
indah budaya wisata kayangan api yg saat bagus untuk di kunjung,0.0,0.0,netral
eh sekarang tempat nya malah makin bagus,0.0,0.0,netral
kesini dan baru nemu lagi foto emang bikin nostalgia sih api abadi ini,0.0,0.0,netral
jalan sudah bagus tapi agak kelok tiket lumayan jangkau ya seperti wisata sejarah pada umum,0.0,0.0,netral
angling darma,0.0,0.0,netral
alhamdulillah,0.0,0.0,netral
parkir luas tempat bersih mushola bersih toilet bersih,0.0,-0.03333333333333333,negatif
lokasi sangat nyaman sejuk haga tiket sangat jangkau ajaib alam yg haqiki silah yg mau unjung nya di jamin tidak sesal,0.0,0.0,netral
bagus banget pokok nya,0.0,0.0,netral
tempat tempat yang indah,0.0,0.0,netral
waw apa abadi tiada mati walaupun hujan sungguh luar biasa,0.0,0.0,netral
sungguh takjub wisata alam kayangan api cipataan allah swt yg api gak pernah padam walaupun ad hujan sekalipun,0.0,0.0,netral
dri sini la saya jadi tahu sejarah,0.0,0.0,netral
,0.0,0.0,netral
sangat bantu sekali bagi lancong,0.0,0.0,netral
tahu dan harga sejarah leluhur perlu utk generasi sekarang tempat yg layak utk kunjung saat libur,0.0,0.0,netral
kayangan,0.0,0.0,netral
butuh sentuh kreatif agar makin kembang dan bisa jadi alternatif lokasi santai serta santuy,0.0,0.0,netral
lumayan sih depan bisa di tingkat kembali kait pembanguya bisa tiru ciri khas bal,0.0,0.0,netral
tempat wisata di bojonegoro,0.0,0.0,netral
bikin betah,0.0,0.0,netral
wisata kayangan api satu tempat wisata yg layak utk kunjung yakin api ada sejak jaman majapahit dan guna oleh mbah kriyo sumo utk buat benda pusaka dan mbah kriyo sejak pindah hut ini ganti nama jadi mpu supo keris yg di buat beliau sgt kenal tak jauh dari api abadi ada sumber air yg didih tp tidak panas air tsbt tdk pernah luap sekalipun hujan begitu jg dgn api tdk pernah padam sekalipun hujan air dr sumur blekutuk itu dgunakan utk sepuh benda pusaka buat mpu supo mpu supo yakin moksa d tmpt tsbt utk capai wisata kayangan api tdk sulit krn jala cukup bagus recomended bagi para cinta jaya tempo dulu sedia jg bbrp pondok utk santai,0.0,0.0,netral
wisata alam yang sungguh takjub dan pesona ketika pasuk halaman parkir yg cukup luas kita akan rasa suasana zaman raja luar biasa,0.0,0.0,netral
mantap seperti ingat masa lalu,0.0,0.0,netral
wisata edukasi yg tarik,0.0,0.0,netral
mungkin pemkab bisa di tambah fasilitas tambah wisata,0.0,0.0,netral
kurang kelola,0.0,0.0,netral
waktu kesini pas hari kerja jadi ya nggak terlalu rame,0.0,0.0,netral
karena kesini pas hari kerja jadi ga terlalu rame jalan mulus lokasi luas good lahh pokok,0.6000000000000001,0.7,positif
api abadi,0.0,0.0,netral
turut catat sejarah api kayangan yakin telah ada sejak lama yakni dari zaman raja majapahit waktu itu api sebut kerap guna bagai tempat tapa oleh orang tapa sakti api sebut muncul telah tapa sebut pulang dari tempat tapa waktu itu ia bawa buah api dari hutan dan langsung nyala di dekat tempat tapa yaitu di lokasi api kayangan saat ini,0.0,0.0,netral
nice tempat sejuk banget cuyy jalan tuju lokasi sangat bagus mulus,1.0,0.6,positif
,0.0,0.0,netral
wisata ikonik di bojonegoro,0.0,0.0,netral
suka sekali tempat sejuk lokasi di tengah area hutan nuansa jaman raja dan jalan tuju sudah cor semua muluuus,0.0,0.0,netral
wisata keluarga untuk sekitar wilayah bojonegoro yang wajib anda datang,0.0,0.0,netral
,0.0,0.0,netral
suka itu,0.0,0.0,netral
bagus lihat pada malam hari api lihat,0.0,0.0,netral
langka unik,0.0,0.0,netral
sementara tutup jam karena jam malam,0.0,0.0,netral
tempat keren,0.0,0.0,netral
sini ada api abadi yang tidak pernah padam dan sangat langka keberadaanya selain itu juga sedia oleh khas bojonegoro yg ada di pujasera kayangan api,0.0,0.0,netral
ntaps teg jauh dari bising alam memang luar biasa fasilitas cukup lengkap sangat awat pula salut buat dinas kait masyarakat sekitar serta unjung yg ikut jaga tentu,0.0,0.0,netral
udara sejuk alami,0.0,0.0,netral
keren,0.0,0.0,netral
mantap kalo foto malam hri,0.0,0.0,netral
cuman hanya ada api yang belum pernah padam,0.0,0.0,netral
sip api abadi,0.0,0.0,netral
meyegkan sejuk damai,0.0,0.0,netral
kahyangan api,0.0,0.0,netral
akses jalan enak tiket masuk murah cuma rp sayang kurang banyak jual dan kurang gazebo buat santai keluarga saran saja lebih baik ada yang jual sovenir khayangan api,0.0,0.0,netral
kenapa map nya koq gak sesuai jauh dari pasruan mala nyasar ngikuti map nya,0.0,0.0,netral
lokasi asri banget,0.0,0.0,netral
wana wisata yang nyaman dan asri,0.0,0.0,netral
keren lestari tinggal leluhur cerita leluhur dan hidup ekonomi sekitar,0.0,0.0,netral
nyaman,0.0,0.0,netral
cocok buat refreshing,1.0,0.5,positif
tempat sangat rindang,0.0,0.0,netral
bagus,0.0,0.0,netral
bisa jadi wisata edukasi dan outbound,0.0,0.0,netral
sayang kurang awat,0.0,0.0,netral
tempat untuk outbond bersih luas dan nyaman,0.0,0.0,netral
beautifull view,0.0,0.0,netral
malam buka tapibtempatnya ngeri sedap lewat hutan malam gelap swepi,0.0,0.0,netral
,0.0,0.0,netral
sudah lebih baik dan bagus,0.0,0.0,netral
cukup tarik wisata situ bisa utk ketegan pikir sambil telusur kisah jadi api abadi,0.0,0.0,netral
perlu lestari biar api tidak susut kobar annya,0.0,0.0,netral
tempat yg tarik untuk kunjung buah ajaib alam api abadi yang tak pernah padam dengan lingkung alam yang masih asri,0.0,0.0,netral
keren makin bagus,0.0,0.0,netral
luas nyaman cocok buat kluarga,0.0,0.0,netral
bagus,0.0,0.0,netral
eksotis dan sejuk,0.0,0.0,netral
es kan dan banyak kegan sini,0.0,0.0,netral
suasaya agak mistis cocok buat yg suka mistis,0.0,0.0,netral
tempat sejarah jaman raja majapahit tempat tempa tosan aji dan meditasi leluhur dahulu salam rahayu,0.0,0.0,netral
great night tourism,0.75,0.8,positif
tiket masuk weekdays k parkir motor k punya mushola toilet khusus disabilitas ruang laktasi dan tempat yg nyaman,0.0,-0.03333333333333333,negatif
nice adem jgn terlalu lama deket api bau belerang,1.0,0.6,positif
suasana malam cukup beri kesan mistis pohon jati ratus tahun usia bungkus kain putih dan sorot lampu buat pohon itu tampak gagah dan wibawa sayang ulah para unjung yg kurang bertanggungjawab masih lihat di sana sini dengan cecer sampah sisa minum jaga yg tidak beri karsis resmi jadi tempat itu spt kurang koordinasi,0.0,0.0,netral
alhamdulillah pesona api alam khayangan bojonegoro sangat takjub,0.0,0.0,netral
takjub dan puas banget,0.0,0.0,netral
kayangan api bojonegoro api abadi,0.0,0.0,netral
wisata api abadi yang ada di kota bojo,0.0,0.0,netral
bagai salah satu destinasi wisata tepat jika jadi wisata edukasi sejarah tempat situs lokasi yang dapat lihat tidak hanya api abadi saja namun ada juga sumber air belerang tempat buat keris rumah tempat lokasi semedi serta banyak titik ajar dan tentu berswafoto yang apik kawasan ini sudah sangat rapih dan tata akses ke lokasi yang mudah dan lancar jalan beton dengan tunjuk arah yang dapat jadi wisawan bagai tunjuk selain guna google maps untuk sinyal tuju lokasi sangat lancar walaupun lokasi di dalam hutan anda tidak perlu khawatir akan sinyal pasti anda lihat salah satu ajaib dunia versi bojonegoro,0.0,0.0,netral
indah dan bagus serta salah satu situs budaya di kabupaten bojonegoro yang sangat sejarah,0.0,0.0,netral
kurang tata tapi udah baik,0.0,0.0,netral
beneran hot just like negara api,0.8500000000000001,0.25,positif
bagus bersih,0.0,0.0,netral
good place to visit,0.6000000000000001,0.7,positif
kurang bersih sih yg area sumur itu trus rumah itu agak kotor,0.0,0.0,netral
sangat seg,0.0,0.0,netral
suka,0.0,0.0,netral
nyaman tempat,0.0,0.0,netral
untuk cinta sejarah sip dah,0.0,0.0,netral
malam lebih bagus sebab pijar api sangat jelas namun tidak serama siang dan malam agak sulit berswafoto,0.0,0.0,netral
bagus u tuk blajar,0.0,0.0,netral
hening damel ritual,0.0,0.0,netral
capai kedamain malam di sendiri,0.0,0.0,netral
karena ppkm hanya bisa sampai di luar saja,0.0,0.0,netral
salah satu wisata kota bojonegoro yang kenal dengan api abadi yang tidak padam walaupun kena air hujan dan di sini dapat air blekutuk yang bau seperti belerang wisata ini ada di kawasan hutan yang rindang dan sejuk,0.0,0.0,netral
subhanallah,0.0,0.0,netral
jala dari kota bojonegoro kurang lebih menit via dander untuk siang hari api tidak nampak jelas karena api warna biru jala bisa laku dengan mobil atau sepeda tempat bagus bersih kasih jaga yg aktif dong pihak kelola krn msih bnyak tangan jahil yg laku corat coret di dinding vandalisme untuk bersih ok kita semua harus jaga jika kunjung jangan corat coret apa,0.5,0.5,positif
cahaya terang,0.0,0.0,netral
tempat sejarah,0.0,0.0,netral
kurang tarik tempat nya summer api dan sumur belerang nya jg kurang rawat,0.0,0.0,netral
bersih pohon rindang dan dagang serta tugas yg ramah,0.0,0.0,netral
tempat bersih suasana nyaman dan teg,0.0,0.0,netral
sangat seg,0.0,0.0,netral
kalau daftar ajaib dunia bisa di tambah saya merekomkan kayangan api bagai salah satu mengapa karena tempat ini simpan sejarah tempat ini ada api abadi tempat ini sangat elok ada di tengah hutan tempat ini nyaman buat hati tentram dan sini duduk sekitar sangat ramah dan sahaja kayangan api rupa salah satu icon dan tempat wisata banggan bojonegoro pelihara tempat ini juga bagus dan bersih jaga di lengkap tempat parkir pujasera mushola dan juga toilet,0.0,-0.03333333333333333,negatif
bukti sendiri,0.0,0.0,netral
masuk ke tempat jalan paving block paa kmrn kesana sepi asik banget,0.0,0.0,netral
wisata alam ini cukup tarik untuk wislok perlu pega yg lebih baik agar mati,0.0,0.0,netral
keren perlu tingkat promosi fasilitas,0.0,0.0,netral
kereen,0.0,0.0,netral
kebersihanxa jaga n sejuk selain jalan jga bisa nmbah tahu n kenal sejarah,0.0,0.0,netral
tempat nya woowww bgt akses jalan juga sdh baik monggo parak bojonegoro,0.0,0.0,netral
turut aq sih biasa aja harga tiket nya mahal per orang,0.0,0.0,netral
cukup baik,0.0,0.0,netral
wisata alam yang bagus utk keluarga n edukasi anak tempat bagus jalan tuju kesana juga bagus oh ya jangan lupa lihat video kayangan api di youtube channel shafyna juan diary subscribe like n share ya terima kasih,0.0,0.0,netral
ma syaa alloh la quwwata illa billah,0.0,0.0,netral
bagus tempat,0.0,0.0,netral
wisata alam legenda bojonegoro,0.0,0.0,netral
tempat wisata hits khas ikon kota bojonegoro api abadi yang tak pernah padam selain wisata sering guna juga untuk acara adat tradisional tiap tahun belum ke bojonegoro kalau belum kesini waktu tempuh sekitar menit dari pusat kota,0.0,0.0,netral
tempat kalo siang eksotis dan malam hari hmmmm,0.0,0.0,netral
tempat wisata yang sangat tarik nuansa alami juga sedia musollah toilet warung makan dan minum dan yg lebih tarik lagi telah di siap ahli terapi bekam dan pijat urat,0.0,-0.03333333333333333,negatif
lokasi unik tempat bersih,0.0,0.0,netral
tempat yg nyaman buat santa sama keluarga selain itu juga tempat sejarah dan bisa beri wawas pada generasi terus,0.0,0.0,netral
alhamdulilah ini adalah wisata yg jarang ada di dunia hanya ad abeberapa tempat saja sumber api abadi yg bisa keluar dari dalam perut bumi langsung,0.0,0.0,netral
lumayan nyaman senyap tidak terlalu ramai cocok buat yang nyari ketegan,0.0,0.0,netral
indah alam yg patut di jaga dan lestari,0.0,0.0,netral
bagus asri,0.0,0.0,netral
tempat nya sejuk buat nyantai keluarga dan edukasi anak anak untuk kenal sejarah dan budaya,0.0,0.0,netral
saya kesini isi waktu luang libur pada saat covid meski sepi unjung tempat nyaman,0.0,0.0,netral
sangat cocok untuk meditasi,0.0,0.0,netral
mantap enak,0.0,0.0,netral
tempat bersih nyaman tapi panas banget padahal itu sampai sana sore hari tapi seg karena ada pendopo bangu lama seperti ingat sejarah,0.0,0.0,netral
panas,0.0,0.0,netral
alam kunjung kesini tempat kurang awat pemkab harus beri perhati ekstra di tempat ini ingat salah satu wisata yang paling sering di kunjung wisatawan di bojonegoro akses masuk juga sudah bagus jika dari kota jalan beton moga depan bisa lebih baik lagi,0.0,0.0,netral
bagus banget dan alami,0.0,0.0,netral
bagus,0.0,0.0,netral
tempat yang cocok untuk libur keluarga dengan harga tiket masuk yang jangkau dapat ajar tentang sejarah sejarah kayangan api yang mungkin tidak banyak tahu orang api abadi yang tidak pernah padam dan masih lihat saat pagi siang hari jika kunjung di malam hari pasti api akan lihat tarik kayangan api buka lama jam,0.0,0.0,netral
berkah abadi,0.0,0.0,netral
tempat wisata yg wajib kunjung ketika singgah di bojonegoro khusus di sore dan malam hari,0.0,0.0,netral
bagus,0.0,0.0,netral
bagus bet,0.0,0.0,netral
nyaman buat santai,0.0,0.0,netral
sejuk dan hanya menit dari kota bojonegoro jangan lupa beli kerupuk khas sini dari ubi gerut orang lokal bilang kalau sore lebih indah dan makin gelap api abadi akan makin nampak jelas sini aman juga unruk bawa anak anak dan manula ada musola dan toilet,0.0,-0.03333333333333333,negatif
bagus,0.0,0.0,netral
bagus sejuk,0.0,0.0,netral
salah satu icon wisata kota bojonegoro yaitu kayangan api api abadi yang ada di kabupaten bojonegoro,0.0,0.0,netral
sangat istimewa tempat pariwisata dan religius untuk syukur besar tuhan,0.0,0.0,netral
saya dari nganjuk dan pernah satu kali ke waduk pacal bojonegoro karena sudah sampai situ tiba tiba ingin kunjung ke wisata kayangan api yang masih kota tetapi tak kira nyata letak wisata kayangan api sangat jauh kira kira an kilo meter dari waduk pacal yang pernah saya kunjung belum sekian tahun lalu benar saya hampir putus asa karena sangat jauh tadi tetapi tanggung karena saya sudah beberapa belas kilo meter lewat waduk pacal maka telah tanya tanya lama jala serta informasi tentang lokasi wisata sebut oleh warga masyarakat tempat saya tanya tadi maka timbul rasa penasaran dan tetap harus tekat bulat tuju lokasi sebut telah jalan aspal yang saya lewat sampai tiga jalan paving ke kiri arah ke dalam hutan maka saya henti jenak situ tampak pintu gerbang yang upa gapura situ ada tulis wisata kayangan api saya segera masuk arah kesana lewat jalan paving henti jenak untuk bayar ongkos masuk kembali saya terus jala di atas paving yang akhir henti di parkir mobil ikut bayabgkan sendiri indah hutan di wisata kayanfan api,0.0,0.0,netral
bisa bagai tempat edukasi karena ada gas akam yang keluar sehingga api nyala panjang waktu tempat teduh karena ada kawasan hutan jati dan sudah kelola dengan baik,0.0,0.0,netral
kayangan api bojonegoro salah satu lokasi api abadi selain mrapen mana mrapen nyata api sudah padam lokasi lumayan pencil di tengah hutan jalan alternatif cepu bojonegoro api asal dari gas alam dan bau belerang cium sini masih gratis kunjung lama pandemi lokasi juga masuk sakral karena ada tapa mungkin harus mampir kalo lg tuju ke bojonegoro ato mojokerto dari cepu,0.0,0.0,netral
bagus banget,0.0,0.0,netral
kerja bagus,0.0,0.0,netral
bagus,0.0,0.0,netral
tempat bagus tugas bersih selalu nyapuin area sekitar masuk mumpung masih gratis,0.0,0.0,netral
tempat bersih dan semua fasilitas bagus dan lengkap,0.0,0.0,netral
pagi,0.0,0.0,netral
tempat nya msh ad sakral klo di sini jd hati jg klo bicara,0.0,0.0,netral
akses tuju tempat ini sudah mulus bagus dan pada tentu cocok buat kalian cinta alam apalagi tempat ini ada di tengah hutan suasaya sangat nyaman tempat parkir luas toilet bersih mushola tiket murah tentu cocok juga untuk wisata edukasi karena tempat ini sangat sejarah apalagi api abadi yang memang gak pernah padam banyak juga jual maka khas daerah dan oleh oleh,0.0,-0.03333333333333333,negatif
tempat bersih masih asri unjung jga gk terlalu banyak keren api ya gk pernah padam,0.0,0.0,netral
tahap luas tempat wisata juga,0.0,0.0,netral
tempat yang bagus teg n yg pasti tempat sejarah titip leluhur jaman dulu harus di jaga n rawat sama,0.0,0.0,netral
ada api abadi ajaib ture,0.0,0.0,netral
nice api abadi,1.0,0.6,positif
sayang waktu kesana area nya di tutup karena covid,0.0,0.0,netral
tempat yang nyaman dan sejarah yang suka tempat alami sunyi kuy kesini masih asri tengah hutan jati,0.0,0.0,netral
yo bojonegoro salah satu destinasi wisata di kabupaten bojonegoro yang lokasi di camat ngasem bojonegoro kata dari cerita yang saya dengar sini api abadi dan ada sejarah juga mulai dari empu buat keris pusaka dari jaman raja majapahit yang nyepi sini dengan nama samar karena beliau tidak ingin tahu identitas oh ya api abadi sini dulunya guna empu sebut untuk buat keris sini ada juga banyu blukutuk atau tempat buat nyepi pondok pondok kecil untuk fasilitas sini juga kata cukup baik seperti mushola pujasera pendapa pondok buat nyepi tempat parkir luas bahkan toilet untuk difabel dengan tempat yang bersih harap juga sadar unjung untuk buang sampah tempat sampah yang sedia so far so good karena panjang jala kesana banyak pepoho yang asik dan juga bisa jadi spot foto sama suara burung juga ada oiya kalau bisa jalan tuju lokasi wisata beri sign system biar mudah orang yang mau kesana biarpun ada google map dan gapura besar yang medakan lokasi masuk tapi akan lebih baik ada sign systemnya dan patuh protokol sehat ya bos go bojonegoro go,0.5333333333333333,0.25555555555555554,positif
cantik,0.0,0.0,netral
tempat strategis,0.0,0.0,netral
tempat wisata yg nyaman asri bersih murah dan alami akses jala bagus,0.0,0.0,netral
ajaib dunia ada sini mr brsama sama utk rawat,0.0,0.0,netral
wisata alam api abadi,0.0,0.0,netral
tempat nya bagus,0.0,0.0,netral
wisata lokal damai dan sejarah,0.0,0.0,netral
mungkin pemkab bojonegoro bisa tambah out bond d lokasi sebut,0.0,0.0,netral
wisata alam gratis,0.0,0.0,netral
sangat bantu jalur singkat,0.0,0.0,netral
bagus,0.0,0.0,netral
situs sejarah,0.0,0.0,netral
bagus,0.0,0.0,netral
sejarah tentang empu supo jaman buat keris,0.0,0.0,netral
bagus dan penuh dengan cerita,0.0,0.0,netral
jangan sekali sekali lupa sejarah,0.0,0.0,netral
wisata alam,0.0,0.0,netral
,0.0,0.0,netral
bagus tempat msi alami msi perlu kembang,0.0,0.0,netral
mantulll,0.0,0.0,netral
makna,0.0,0.0,netral
indah,0.0,0.0,netral
tempat bagus rapi nyaman dan banyak tempat teduh lagi,0.0,0.0,netral
bagus n bersih tambah tebal iman akan besar alloh s w t,0.0,0.0,netral
cantik,0.0,0.0,netral
sangat bagus,0.0,0.0,netral
syahdu,0.0,0.0,netral
tempat bagus dan penuh sejarah,0.0,0.0,netral
tempat sejarah yang tarik untuk kunjung,0.0,0.0,netral
wisata bojonegoro,0.0,0.0,netral
ok mantapn,0.5,0.5,positif
salah satu landmark sejarah di wilayah bojonegoro api terus nyala lama tahun tahun sejak zaman kuno di sini pandai besi legendaris empu supamati buat keris legendaris indonesia keris itu renovasi oleh perintah tempat sehingga sekarang lihat lebih rapi bersih,0.0,0.0,netral
asyiiik tempat,0.0,0.0,netral
pandang seru udara sejuk alam buka,0.0,0.0,netral
tempat teduh cocok untuk santa dengan keluarga banyak gazebo untuk istirahat,0.0,0.0,netral
indah,0.0,0.0,netral
bagus tambah spot foto supaya tambah ramai,0.0,0.0,netral
tempat maka,0.0,0.0,netral
wajib kunjung bagi yang tinggal di bojonegoro dan sekitar,0.0,0.0,netral
cenel yt rodex pro tempat yang langka untung bojonegoro milik,0.0,0.0,netral
tempat sejarah tugas sangat ramah,0.0,0.0,netral
tmpatnya sejuk api anget asal jngan trllu dekat ke api cocok wes warung ada toilet ada musholla jg ada lengkap wes joooosss,0.0,-0.03333333333333333,negatif
tempat yang bagus dan alami,0.0,0.0,netral
bagus masih jadi destinasi no satu kusu di dander sekitar,0.0,0.0,netral
buka jam kunjung malam hari sangat eksotis sambil bakar ikan suasana tambah mantaapp,0.0,0.0,netral
khayangan api rupa salah satu tempat wisata yang banyak datang oleh wisatawan karena indah tempat dan juga api abadi yang jadi uni sendiri,0.0,0.0,netral
bagus kalau malam,0.0,0.0,netral
bagus,0.0,0.0,netral
bagus dan keren,0.0,0.0,netral
kegan,0.0,0.0,netral
wisata alam yg indah dan pesona,0.0,0.0,netral
makin bagus,0.0,0.0,netral
tempat yang sangat sejarah karena empu supo sang maestro buat keris yg kenal dengan keris sengkelat,0.0,0.0,netral
saya pergi ke sana lama jala sepeda di pagi hari udara di sana segar keliling oleh pohon djati,0.0,0.0,netral
takjub,0.0,0.0,netral
api abadi,0.0,0.0,netral
akses lancar jalan bagus cari objek wisata ini gampang sekali rapih tata ramah kelola nyaa,0.0,0.0,netral
rekomendasi wisata daerah bojonegoro dan tempat lmyn bagus untuk kunjung,0.0,0.0,netral
karena tempat lihat takut jauh dari mukim,0.0,0.0,netral
siti zulaikah wisata kahyangan api,0.0,0.0,netral
alami,0.0,0.0,netral
masuk ke dalem lumayan sudah guna protokol sehat,0.0,0.0,netral
mantap mampir yuk,0.0,0.0,netral
di sana saya alhamdulillah tahu banyak informasi tahu sejarah,0.0,0.0,netral
lumayan tempat sangat teg,0.0,0.0,netral
keren tempat,0.0,0.0,netral
mantap tempat nya,0.0,0.0,netral
tempat wisata alam di bojonegoro,0.0,0.0,netral
bagus untung mengeg dan tau sejarah budaya bojonegoro,0.0,0.0,netral
belum pernah kesana,0.0,0.0,netral
panas tp viewnya bagus mash proses renov,0.0,0.0,netral
rekreasi yang meng edukasi serta jangkau oleh ekonomi tengah ke bawah,0.0,0.0,netral
tempat legenda yg perlu kita ajar dan kita lestari,0.0,0.0,netral
alhamdulillah sangat manfaat sekali bagi kita cinta alam semesta ini,0.0,0.0,netral
indah alami dan icon bojonegoro,0.0,0.0,netral
enak sih bisa erti tentang alam dan ajar dulu belum kesana jadi banyak yang bisa di ceritain ke orang yang belum begitu paham sedikit panas tempat nya tapi ga papa emang kayangan api ya hehehe,0.0,0.0,netral
wisata alam yang asri dan wajib kunjung,0.0,0.0,netral
wisata alam,0.0,0.0,netral
kurang banyak variasi hibur tempat santa kurang awat,0.0,0.0,netral
baik sekali,0.0,0.0,netral
tempat ini sangat takjub api abadi yang legenda nyata tinggal para eyang kuasa tuhan yme beri kepada orang orang pilih,0.0,0.0,netral
tempat wisata sejarah tempat nya bersih ada musholla mai anak sedia pendopo bersih cocok buat libur sama keluarga maka tidak berapa mahal tetap utama protokol sehat parkir luas free masuk karena masih masa transisi new normal,0.6348484848484849,0.2287878787878788,positif
sangat bagus dan masih sakeral,0.0,0.0,netral
tempat wisata alam yg unik,0.0,0.0,netral
masih tutup gara corona,0.0,0.0,netral
bagus saya suka,0.0,0.0,netral
tahun lalu saat gelar pamer dan saya ikut partisipasi,0.0,0.0,netral
tempat sejarah buka jam,0.0,0.0,netral
jalan akses bagus tempat bersih dan rapi atraksi api dan kolam lumpur belerang kayak kalau ke sini baik malam kalau buka buat foto malam hari agak jauh dari kota bojonegoro,0.0,0.0,netral
tempat ini sangat saya suka di wisata kayanyan api wisata ita sangat tarik untuk saya,0.0,0.0,netral
sekarang lagi tutup karena ada corona,0.0,0.0,netral
bagus,0.0,0.0,netral
sini anda akan lihat api abadi tempat hening di keliling pepoho tempat ini di kelola dengan baik bersih jaga harga tiket masuk jangkau,0.0,0.0,netral
tempat sejarah cocok untuk wisata keluarga api tak padam walaupun hujan klo kesini baik sore ke malam jd siang dapat malam jg dapat bagus jg buat foto ad toilet dan mushola jg warung jaja jg ad klo laper g usah kawatir,0.0,-0.03333333333333333,negatif
murah riah,0.0,0.0,netral
bagus,0.0,0.0,netral
tempat yang nyaman buat refresing dan penuh dengan sejarah,0.0,0.0,netral
wisata relegius andal jonegoro,0.0,0.0,netral
tempat teduh oke banget buat edukasi juga,0.0,0.0,netral
kurang makimal daya,0.0,0.0,netral
tempat sejarah yang tetap harus jaga dan jelas cerita pada anak cucu kita depan agar mereka punya bangga hadap leluhur,0.0,0.0,netral
fenomena api yang terus nyala api abadi tidak akan pernah padam sampai kapan,0.0,0.0,netral
tiket masuk yang jangka dengan pandang asri hutan serta spot foto yang banyak,0.0,0.0,netral
tempat sejarah,0.0,0.0,netral
mantul,0.0,0.0,netral
tempat ini sudah sangat ubah tidak seperti dulu lagi,0.0,0.0,netral
adem,0.0,0.0,netral
tempat wisata yang bagus untuk kunjung jalan tuju lokasi ok tidak rusak dan cukup lebar pandang khas hutan jati tempat parkir di area luas ada warung untuk makan dan minum tiket masuk juga murah,0.5,0.5,positif
keren cuyy,0.0,0.0,netral
alam asri desa,0.0,0.0,netral
wisata langka ada api tak pernah padam meski hujan turun dengan deras recommended sekali untuk wisata keluarga apalagi saat malam hari api lihat sangat jelas,0.0,0.0,netral
ajaib alam,0.0,0.0,netral
fasilitas air malam hari tidak ada,0.0,0.0,netral
api tak kunjung padam,0.0,0.0,netral
ajaib alam besar illahi,0.0,0.0,netral
tiket murah bersih cocok untuk wisata edukasi,0.0,0.0,netral
tempat wisata yang jangkau buat keluarga,0.0,0.0,netral
bagus,0.0,0.0,netral
tempat yg luar biasa api abadi dr perut bumi lebih bagus bila datang pada malam hari,0.0,0.0,netral
tempat wisata yang cukup unik perlu rasa yang sedang mampir di bojonegoro untuk sempetin kesini akses ke lokasi cukup bagus tempat ini buka jam jadi mungkin kalo datang malem lebih ngena lagi suasana api tapi ini tengah hutan ya lokasi,0.0,0.0,netral
fasilitas kurang pada,0.0,0.0,netral
bagus masuk hutan kalo malam pasti deg degan,0.0,0.0,netral
bener bener gak padam api walau kena air ada pohon cinta kalo pas gak ada event sepi banget sana jual juga cuma ada satu dua orang tapi ini tempat yang perlu kunjung bagus banget kok tempat,0.0,0.0,netral
api memang keren,0.0,0.0,netral
tempat mudah jangkau dari kota bojonegoro lokasi nyaman dan nyaman buat kuar,0.0,0.0,netral
mistis,0.0,0.0,netral
kayangan api is one of the tourist attractions in bojonegoro which has a good view there is an eternal fire many food vendors one of the most memorable is eating corn that is burned using eternal fire,0.65,0.55,positif
oke,0.0,0.0,netral
legenda,0.0,0.0,netral
bagus terus terus baik,0.0,0.0,netral
menegkan fikiran dan untuk santai di waktu malam hari,0.0,0.0,netral
megis,0.0,0.0,netral
banyak ubah yang bagus,0.0,0.0,netral
tempat luas dan adem,0.0,0.0,netral
jarak nya dari kota bojonegoro kurang lebih menit,0.0,0.0,netral
hmmm mistis banget,0.0,0.0,netral
keren,0.0,0.0,netral
wisata kayangan api bojonegoro,0.0,0.0,netral
tempat sudah susun rapi,0.0,0.0,netral
akses tuju lokasi sangat mudah tidak ribet dan gampang untuk temu bisa untuk wisata didik atau dar untuk libur dan bersntui,0.0,0.0,netral
bagus tempat,0.0,0.0,netral
api nyala terus,0.0,0.0,netral
kalau boleh usul lengkap arena main seperti flying fox sepeda udara dll insya akan lebih banyak yg kunjung lagi,0.3333333333333333,0.16666666666666666,positif
wisata alam api yg tak kunjung padam hanya ada dibojonegoro jawa timur,0.0,0.0,netral
cogan,0.0,0.0,netral
tempat wisata yg keren,0.0,0.0,netral
tempat libur ajar sejarah,0.0,0.0,netral
lumayan bagus,0.0,0.0,netral
sejuk indah asri alami ramah,0.0,0.0,netral
saya suka tempat ini krna ini wisata desa dan sekarang makin maju wisata alhamdulillah,0.0,0.0,netral
bagus bedaaa bgt sama dulu sdh byk fasilitas mungkin berlu tambah kru bersih nya agar pendopo yg luas itu lantai bersih seperti cocok dan lbh ekonomis juga sewa buat acara reuni dll biar reuni tdk dar mkn diresto akses lokasi sdh bagus jln di cor,0.0,0.0,netral
bagus,0.0,0.0,netral
keren,0.0,0.0,netral
banyak org jual lebih bagus wisata waduk grobogan,0.0,0.0,netral
tempat yang bagus tempat geoheritage di jawa,0.0,0.0,netral
baik,0.0,0.0,netral
hanya lihat api orang bakar jagung dan spot foto gazebo kurang tempat colok kalau mau ngecas,0.0,0.0,netral
bagus pohone gede jadi rindang tp kayak lebih bagus pas malem api liat,0.0,0.0,netral
keren api abadi,0.0,0.0,netral
alam yg bagus,0.0,0.0,netral
pariwisata yang bagus situs sejarah yang bagus api abadi yang bagus cerita rakyat yang bagus orang baik,0.0,0.0,netral
pernah tau lewat tv,0.0,0.0,netral
tempa enak ada api abadi yang tak pernah padam,0.0,0.0,netral
api abadi dan tempat sejarah di kabupaten bojonegoro,0.0,0.0,netral
lihat dan unjung salah satu ajaib dunia yaitu api yang tak padam siang dan malam di lokasi yang sepi jauh dari ramai di tengah kebun jati yang rindang tak jauh dari api ada sumur air belerang namun aneh air sebut tidak panas padahal air sebut seperti didih gelegak mengelegak buih bila ingin ke sini bagus nya di waktu malam karena api nya nampak jelas lihat tapi datang di siang hari pun tak masalah ada kopi kotok yang enak dan lezat dengan harga yang murah riah dan patut cicip kopi kotok adalah kopi yang cara buat nya langsung digodog dengan air lalu saji cukup unik yaitu ada tumpah kopi piring kecil nya,0.0,0.0,netral
bagi tekun kebat tarik dan excited sini,0.75,0.375,positif
siip,0.0,0.0,netral
masih banyak yg di baik,0.0,0.0,netral
wisata geologi dan sejarah sangat recomended untuk teliti,0.0,0.0,netral
aura positif parkir luas nyaman kopi klotok nya mantab abis,0.0,0.0,netral
aurax asa kita kembli k jaman raja,0.0,0.0,netral
tempat wisata yang keren,0.0,0.0,netral
unik dan sejarah,0.0,0.0,netral
tempat teduh dan nyaman untuk singgah,0.0,0.0,netral
kesana pas malam hari dan madam pula tapi asyik api jadi lihat jelas banget biarpun gelap tapi di dalam rame kok tapi ya tetap kalah rame sama hari biasa yang ga madam,0.0,0.0,netral
subhanalloh luar biasa api nya tetap nyala walau hujan tapi sayang jalan tuju kesana masih baik,0.0,0.0,netral
wisata rekomendasi untuk anak,0.0,0.0,netral
tempat masih asri banget dan letak di bojonegoro tempat parkir sepada motor maupun mobil jg luas dan nyaman aman moga lebih modern lagi dan makin ramai dan fasilitas sdh lengkap ada mushollanya bravo bojonegoro,0.3,0.2,positif
awesome great,0.875,0.9,positif
kayangan api sangat bagus saya pernah kesana dua kali,0.0,0.0,netral
oke,0.0,0.0,netral
wisata ini sangat takjub,0.0,0.0,netral
mantap slur,0.0,0.0,netral
wisata kayangan api rupa salah satu tempat wisata yang ada wilayah bojonegoro jawa timur sana dapat api abadi yang muncul dari perut bumi,0.0,0.0,netral
sangat indah,0.0,0.0,netral
wisata ini sangat kenal dan mungkin jadi ikon bojonegoro di sini ada api abadi pohon cinta dan kawah kecil yang gelembung gelembung untuk fasilitas sangat lengkap liput warung musholla toilet dll kurang tempat ini hanya masalah jalan yang rusak bahkan sampai gerbang masuk,0.0,-0.03333333333333333,negatif
sudah lumayan bagus tapi akan lebih bagis lagi kalau di beri tanam yang daunya tetap hijau saat musim kemarau biar kesanya tetap teduh,0.0,0.0,netral
yahud,0.0,0.0,netral
dulu bagus sekarang api kecil,0.0,0.0,netral
masuk wisata edukasi yg bagus di kabupaten bojonegoro,0.0,0.0,netral
,0.0,0.0,netral
keren,0.0,0.0,netral
nilai nilai sejarah dan tempat yg sakral,0.0,0.0,netral
nyaman santai sejuk,0.0,0.0,netral
api abadi,0.0,0.0,netral
desa,0.0,0.0,netral
tempat wisata alam sumber api abadi yang lokasi wilayah hutan di camat ngasem akses mudah yakni jalan untuk tuju lokasi sudah aspal dan bagi sudah cor beton lokasi bersih dan nyaman untuk wisata keluarga sangat cocok untuk edukasi budaya dan sejarah bagi keluarga dan anak anak dapat juga jual maka misal jagung bakar yang tawar bakar di api abadi sehingga akan jadi daya tarik sendiri bagi wisatawan tempat ini akan ramai kunjung saat hari libur sehingga jalan akan sedikit macet jika wisata ke khayangan api jangan lupa jaga bersih dan sikap sopan santun,0.0,0.0,netral
sayang belum booming,0.0,0.0,netral
bagus,0.0,0.0,netral
tempat tarik untuk wisata,0.0,0.0,netral
bagus,0.0,0.0,netral
luar biasa,0.0,0.0,netral
panas,0.0,0.0,netral
recharging mood banget kalau tempat ini cuman bayar aja udah bisa masuk pandang alam api yang nggak pernah padam seru deh pulang dari sini mood sudah oke,0.0,0.0,netral
udara masih segar,0.0,0.0,netral
tempat wisata yang sangat tarik untuk kunjung karena ada unsur historis budaya dan fenomena alam hari libur hari raya tentu suasana ramai tapi kalau hari normal sunyi saya sendiri yang lahir asli bojonegoro baru sekali kunjung kesana di usia yang sudah kepala mungkin karena kurang ada promo iklan ke masyarakat luas untuk mikat daya tarik masyarakat sekian dan thank s,0.6499999999999999,0.15,positif
cipta tuhan yang luar biasa,0.0,0.0,netral
tempat asri sekali karena banyak pepoho moga depan lebih baik,0.0,0.0,netral
tempat api abadi,0.0,0.0,netral
sejuk banget recom,0.0,0.0,netral
tempat yang bagus bisa jadi edukasi,0.0,0.0,netral
ada di dalam hutan wisatawan dapat nikmat jala wisata di antara pepoho jati kemudian anda henti di loket tiket dan langsung beli tiket biaya sekitar rp per orang telah anda masuk anda akan lihat gerbang dan dinding gaya arsitektur majaphit yang megah jaga api abadi di dalam meski ya bau belerang cukup kuat di dalam itu masih tempat yang indah kunjung kolam dan pohon yang saling pintal begnya dan mampir ke dagang lokal di mana mereka tawar keripik singkong buat lokal yang lezat kunjung dan saksi nyala api abadi yang letak di tengah lokasi di mana anda dapat hangat diri atau jalan jalan di sekitar api situs ini juga tawar banyak situs untuk fotografi oh ya lihat lihat dan cari jaga situs lokal untuk kaya tahu anda tentang sejarah situs dan legenda lokal banyak fasilitas seperti mushola toilet dan dagang lokal yang jual maka dan minum hadir di lokasi dan tempat ini ramah keluarga saya rekomendasi untuk unjung situs ini pada sore hari untuk lihat nyala api paling terang,0.0,-0.03333333333333333,negatif
kurang awat,0.0,0.0,netral
fenomena alam yg luar biasa,0.0,0.0,netral
flying fox nya seru,0.0,0.0,netral
sakral place,0.0,0.0,netral
bagus sih lokasi apalagi jika datang waktu malam cuma sayang tukang parkir kurang ramah,0.0,0.0,netral
wisata alam di bojonegoro bisa bakar jagung langsung di api alam,0.0,0.0,netral
nyaman akses mudah parkir luas suka sudah sering kesini,0.0,0.0,netral
nyaman,0.0,0.0,netral
bagus,0.0,0.0,netral
api abadi letak di tangah hutan sering di buat tempat ambil api untuk giat olah raga,0.0,0.0,netral
sangat awat api bagus tapi ada aura mistis,0.0,0.0,netral
tempat nuaman indah sayang akses jalan jauh dari jalan propinsi,0.0,0.0,netral
wisata alam,0.0,0.0,netral
lumayan,0.0,0.0,netral
icon kota bojonegoro,0.0,0.0,netral
sepi,0.0,0.0,netral
tempat sangat dekat dengan keluarga kami di desa itu,0.0,0.0,netral
peniggalan sejarah empu,0.0,0.0,netral
tempat seru alam buka hutan enak banget harga masuk standard jala ke sana juga enak lancar,0.0,0.0,netral
wisata yg benar tumbuh dari alam,0.0,0.0,netral
sejuk teg akses mudah baik mobil maupun motor retribusi wajar ada mushola ada toilet,0.0,-0.03333333333333333,negatif
wisata murah yg ada di bojonegoro tapi memang daerah tandus jadi ya panas maklum,0.0,0.0,netral
lumayan bagus,0.0,0.0,netral
apik,0.0,0.0,netral
salah satu tempat wisata api abadi panjang tahun di bojonegoro yg sering pakai utk obor semangat asi games,0.0,0.0,netral
tidak ada ubah yang tonjol dari saya kecil sampai sekarang masih sama dan tetap istimewa dengan api abadi alangkah lebih enak kalau kesana pada malam hari bisa hangat tubuh dan bakar jagung di api abadi langsung,0.0,0.0,netral
semua tata rapi masuk para dagang,0.0,0.0,netral
suasana malam yg cerah,0.0,0.0,netral
bagus utuk lepas lelah toilet kurang bersih apalagi musholanya yaa tak tau kayangan api ini situs sejarah yg dari dulu jadi icon bojonegoro yg bila orang luar daerah datang kemari pasti kagum kagum ada api abadi jala yg kurang awat toilet mushola bengkalai dan lagi ada air blekutuk yg kurang ekspose ada tempat warung jual kurang urus jadi kurang bersih dan rapi tolong dong pemkab bojonegoro perhati tempat wisata ini lumayan khan utk pamasukan pad,0.0,-0.03333333333333333,negatif
cocok untuk foto berbackground api alami,0.0,0.0,netral
wisata andal di bojonegoro mana wisata alam sejarah dan budaya jadi satu di sini anda dapat lihat fenomena alam yaitu api abadi api yg terus nyala dalam kondisi apa selain lihat fenomena unik tsb anda juga bisa lihat tempat tapa leluhur dan tempa keris pada zaman dulu saat ini tempat di dalam kayangan api juga sudah di renovasi demikian rupi sehingga buat unjung jadi lebih nyaman di kawasan ini juga sangat rindang dan banyak pepoho selain itu fasilitas sudah cukup lengkap dan nyaman tiket masuk hanya rp dan parkir motor hanya rp,0.0,0.0,netral
permai anak tidak ada,0.0,0.0,netral
