Tweet_Tokens,Subjectivity,Polarity,Analysis
ernestprakasa kkn desa tari warkop dki abdi setan dil cetak angka box office indonesia nggak agenda representasi chindo nggak aktivisme kenal hidup minoritas ajak orang seg seg watch learn ernest https co ci ehwipo,0.0,0.0,netral
itzyjlsu woe kembang desa kkn desa tari,0.0,0.0,netral
moviemenfes film lokal gak laris tayang film emang film lokal aja kalah saing isi horor gabut ama komedi garing doang klo film nya bagus minimal marketingnya bagus lahh bukti kkn desa tari laku wlaupun film garing,0.6,-0.1,negatif
petirbaelish tanyarlfes oh rt petirbaelish tanyarlfes anak twitter dah alami mbak bibit unggul amrazing vs sabrina joko anwar circle k triomacan pocong ririn waluh kukus air minum chatime skinnyfab kkn desa tari ika natassa cowok kacamata safa space afi sepatu docmart,0.0,0.0,netral
winddflowerrr desa tari,0.0,0.0,netral
alhevk gatau aja kmu kades desa tari,0.0,0.0,netral
sempet jarang main twitter kali sekali buka liat thread kkn desa tari,0.3333333333333333,0.16666666666666666,positif
kkn desa tari sih,0.0,0.0,netral
tanyarlfes adora hilman yg bikin twitter wkwk chatime kkn desa tari safa berflower yaa ak bookmark,0.0,0.0,netral
tanyarlfes skinnyfab afi cappadocia ugly cake kkn desa tari reinhard,1.0,-0.7,negatif
haloodhita langitponpel ketemu pas kkn desa tari,0.0,0.0,netral
tanyarlfes kkn desa tari ga sih,0.0,0.0,netral
nonton kkn desa tari,0.0,0.0,netral
sukma still stuck desa tari,0.0,0.0,netral
mksdnya gmn kirim bwi kirim desa tari kah https co uvjxalwwev,0.0,0.0,netral
optirmal mandi kolam air desa tari wkwkwkwwkwkw,0.0,0.0,netral
tau yg zaman yg menfess yg gatau kecuali kkn desa tari pas sekolah asrama tydack bawa hp,0.0,0.0,netral
betemaxx bocahkacang viniranika tanyakanrl rzlfbrnt iki seng ng kkn desa tari ta,0.0,0.0,netral
andrianmaul kkn desa tari,0.0,0.0,netral
tanyarlfes cerita kkn desa tari,0.0,0.0,netral
tanyarlfes gilang bungkus kkn desa tari,0.0,0.0,netral
kkn desa tari iblis jemput kkn lancelot,0.0,0.0,netral
tanyarlfes safa waluh kukus air putih kkn desa tari template orang ngetawain ngejokes gempar si audrey,0.0,0.0,netral
tanyarlfes space safa waluh kukus kkn desa tari afi pribadi gilang bungkus audrey naga imroatus ketok tembok malu kali audrey mas sih yg horror tp gue lupa like akun satu,0.0,0.0,netral
habisnontonfilm simplem jameschne brrti cerita kkn desa tari marketing ya huhuhu,0.0,0.0,netral
tanyarlfes thread sugar daddy yg dokter ama kkn desa tari,0.0,0.0,netral
tanyarlfes kkn desa tari sii,0.0,0.0,netral
tanyarlfes lol tau chatime skinnyfab kkn desa tari safa space sepatu docmart waluh kukus dama ika natassa yg yaa,0.7,0.8,positif
ragasea anxious people perca perca bahasa kkn desa tari ivanna van dijk bonus divergent bonus prodigy healer damage zonauang zonajajan zonajajan zonaba,1.0,-0.25,negatif
bima kkn desa tari,0.0,0.0,netral
tanyarlfes gua tau waluh kukus kkn desa tari cowo kacamata safa space gua ga aktif ya,0.0,0.0,netral
plunyon kalikuning adlh destinasi wisata alam kawasan taman nasional gunung rapi tngm yg milik pandang alam pesona destinasi ramai bincang media sosial lantar salah lokasi syuting film kkn desa tari megoodh https co whp phjsif,0.0,0.0,netral
tanyarlfes kkn desa tari,0.0,0.0,netral
kkn desa tari lekat wkwkwk,0.0,0.0,netral
tanyarlfes kkn desa tari,0.0,0.0,netral
tanyarlfes kkn desa tari wakil hwang renjun mbak nuri,0.0,0.0,netral
legend memoriable justiceforaudrey kkn desa tari mn bus l w space safa afi,0.0,0.0,netral
tanyarlfes thread kkn desa tari woey merinding anj,0.0,0.0,netral
bgtt salah kesan zaman perang ht omnibus law trus ad jadi gilang bungkus kkn desa tari waluh kukus natalie afi wot snmptn aduh dah pokok kacauuu wkwk,0.0,0.0,netral
thread kkn desa tari sih,0.0,0.0,netral
tanyarlfes kkn desa tari,0.0,0.0,netral
tanyarlfes space safa afi nihaya imroatus waluh kukus kkn desa tari,0.0,0.0,netral
tanyarlfes justice audrey kkn desa tari,0.0,0.0,netral
tanyarlfes kkn desa tari,0.0,0.0,netral
safa maknya hwang renjun yg spill si chatime yg suka ngomong british lupa nama imroatus thread kkn desa tari yg asha yg pribadi wkwk,0.0,0.0,netral
kkn desa tari teaser coming soon https co pq kd mmlh,0.0,0.0,netral
tanyarlfes wakil hwang renjun na jaemin yg dosen kader g lk r imroatus mahasiswa alien kkn desa tari gilang bungkus predator kacamata yg inggris ngentiaw ortu yg sakit stroke,0.75,-0.25,negatif
lafilledhvver astaghfirullah del wgwgwgwggwg nyari lagu karna udah tau kkn desa tari wgwgwggw,0.0,0.0,netral
kxchunga astg kkn desa tari lot bgt otak https co tchpqddr w,0.0,0.0,netral
tanyarlfes waluh kukus safa vs na jaemin hwang renjun kkn desa tari,0.0,0.0,netral
kkn desa tari legend sih anak yg basic nya ga suka horor baca sampe abis thread nya,0.125,0.0,netral
moviemenfes kemaren desa tari film baik tayang pas lebaran jt tonton cuy harga tiket rb pajak bioskop produser kurleb produser untung kotor miliar,0.0,0.0,netral
tanyarlfes kkn desa tari sampe jd film ter gegerrr,0.0,0.0,netral
dika ceanix tanyarlfes jujur rem pocong ririn drpd kkn desa tari gw mean kyk manusia hidup pocong gis loncat hutan,0.6875,-0.3125,negatif
imroatus safa space malu mf tali tambang ava mark ijo tosca afi nihaya sabrina waluh kukus kkn desa tari deh lupaaa,0.0,0.0,netral
tanyarlfes naren golkar tukang bungkus kkn desa tari trit horor famous yg malu dinding,1.0,0.5,positif
tanyarlfes kkn desa tari sii kalo gw,0.0,0.0,netral
tanyarlfes kkn desa tari,0.0,0.0,netral
tanyarlfes thread kkn desa tari,0.0,0.0,netral
tanyarlfes audrey safa waluh kukus kkn desa tari chatime gilang bungkus cowo kacamata dsb,0.0,0.0,netral
rubyjeonn iya ih kyk kkn desa tari trus skrg sewu dino dll,0.0,0.0,netral
moviemenfes film negeri pesimis gitu coba liat sukses kkn desa tari wkwk,0.0,0.0,netral
tanyarlfes ch time afi natalie space safa waluh kukus p c ng ririn kkn desa tari sih keinget wkwk,0.0,0.0,netral
skinnyfabs digeeembok afi nihaya kkn desa tari arawinda trs lg ya,0.0,0.0,netral
tanyarlfes thread kkn desa tari,0.0,0.0,netral
tanyarlfes anak twitter dah alami mbak bibit unggul amrazing vs sabrina joko anwar circle k triomacan pocong ririn waluh kukus air minum chatime skinnyfab kkn desa tari ika natassa cowok kacamata safa space afi sepatu docmart grindr swindler,0.0,0.0,netral
hahahahha thread kkn desa tari gak ya gue emg baca dluan rame trs tbtb booming bahas dmn,0.0,0.0,netral
tanyarlfes waluh kukus kkn desa tari,0.0,0.0,netral
tanyarlfes wot wleowleo orang tua sakit gilaaaa manusia beneran ga otak kalo keinget suka bikin ituuuu kkn desa tari,0.0,0.0,netral
intoaura desa tari,0.0,0.0,netral
thread simpleman kkn desa tari mcm nk dgn abdi setan def gon na watch,0.0,0.0,netral
coba niat mo bikin universe aksen skript main bahasa jawanya dibenerin minimal kek tisa biani kkn desa tari dah mending gak campur campur kek muleh,0.4666666666666667,0.033333333333333326,positif
kkn desa tari takberani nak tengok baru,0.0,0.0,netral
malam tengok kkn desa tari housemate lepastu dedua jerit hahaha babiii hateee watching movies like keluaaar saka pondan la kakak,0.4,0.2,positif
boysplanetarea bagus nder bagus evil editing pake lagu kkn desa tari,1.0,-1.0,negatif
bayuisa moviemenfes moro maleh desone koyo kkn desa tari enek demit e wkwkwkwkwk,0.0,0.0,netral
thmdn kkn desa tari tengok,0.0,0.0,netral
jekeygemes habisnontonfilm seng nulis kuwi ki penulise podo karo tulis kkn desa tari mba seng tulis ki kadang enek seng didramatisir tambah biar tarik ngunu tp lk menurute smn ng dunia iki seng kenal jadi ngunu ki riil pora ya,0.0,0.0,netral
producer author kkn desa tari ok next,0.25,0.25,positif
kkn desa tari takde la seram meh opinion tengok semata sbb viral n org ckp huha hebat sgt mehhhhh comes horror cant beat conjuring franchise weiiiiiiii anything james wan,0.15000000000000002,-0.2,negatif
unmagnetism kek lokasi kkn desa tari,0.0,0.0,netral
ancrit gue ga nyimpen lg foto tiket nonton kkn desa tari,0.0,0.0,netral
takut citer mistik nak tonton tu idok ler baca suka read story already desa tari hot seram bawa ajar,0.8500000000000001,0.25,positif
kkn desa tari sewu dino adaptasi thread akaun twitter simpleman simpleman aku sewu dino seram angkat kisah,0.0,0.0,netral
filem horror baharu garap md pictures terbit kkn desa tari sambut kkn buat minat letak harap sewu dino,0.0,0.0,netral
kena tengok ni studio tulis kkn desa tari,0.0,0.0,netral
geovanrv twitter gpp army masuk dunia kaya kkn desa tari,0.0,0.0,netral
thundeirbolts watchmenid yg baca isi kyk baca cerita kkn desa tari ya sebenernya ajar agama katolik god vs demons setan manifestasi dlm tubuh manusia sesuai alam si romo monggo klo baca biar lbh kenal ajar katolik https co wwp qupp j,0.0,0.0,netral
meme indonesia pln desa tari pln id https co byg sjsv https co nqsqfqbqyj,0.0,0.0,netral
kalah kkn desa tari,0.0,0.0,netral
kagebuncin kek kkn desa tari jam,0.0,0.0,netral
gewlud ya lu yg surup desa tari doang ajg,0.0,0.0,netral
sylthelords gue gk kkn desa tari ya ajg,0.0,0.0,netral
sewudino rating menit lebaran april longest kimo movie ever helm lesson learned kkn desa tari hopefully nicely paced https co kbjjqpdl x,1.0,0.6,positif
teman udah nonton film kkn desa tari mohon bantu isi kuesioner teliti ya https co e oe obo,0.0,0.0,netral
apathoni aglioelio help cinta ayat ayat cinta tenggelam van der wijck abdi setan kkn desa tari indonesian films became top box office malaysia vice versa,0.5,0.5,positif
malam layan la cerita kkn desa tari husband penah tengok lgi,0.0,0.0,netral
kkn desa tari official teaser bioskop https co gngzs cg k,0.0,0.0,netral
kkn desa tari official trailer bioskop https co hhviulsflp,0.0,0.0,netral
yg syukur ga nonton bioskop aja deh ya nih sri asih ghost hunter perempuan tahan jahannam abigail kkn desa tari,0.0,0.0,netral
kmrn sempet nonton ivana kkn desa tari perempuan gaun merah wkwk,0.0,0.0,netral
mekimasan lagu kkn desa tari,0.0,0.0,netral
ni kat filem kkn desa tari seriau fikir filem tu dasar kisah,0.0,0.0,netral
kkn desa tari tuu haha,0.3,0.2,positif
airil main yer tari canggur desa https co cqwbczugc,0.3333333333333333,0.16666666666666666,positif
moviemenfes kkn desa tari,0.0,0.0,netral
wahiwuutt irfansatria kkn desa tari cite ni,0.0,0.0,netral
goodrecom limited edition gan edisi kkn desa tari cuman dunia,0.14285714285714285,-0.07142857142857142,negatif
ni desa tari ahahahaha,0.0,0.0,netral
bcotieaja moviemenfes emang bagus ajasih ga overrated overrated tu kkn desa tari,0.0,0.0,netral
movie desa tari ni stress tengok kampung semak samun gitu,0.0,0.0,netral
mcm movie desa tari tu ka,0.0,0.0,netral
ni mcm citer kkn desa tari,0.0,0.0,netral
irfansatria datukhensem ni cerita kkn desa tari,0.0,0.0,netral
irfansatria datukhensem cerita kkn desa tari ni kopi pahit manis sbb jin yg target yg jin xtarget xleh minum kopi pahit tu,0.0,0.0,netral
irfansatria datukhensem cerita kkn desa tari tu ya,0.0,0.0,netral
ni filem kkn desa tari plot,0.0,0.0,netral
tanyakanrl klau sepupu gk bwa truck si tpi pas sepeda arah pulang abis kerja jdi tu semalem gk pulang pas cari tidur kubur pas dibangunin cerita klau semlem nginep rumah temennya btw kerja belah desa tari,0.0,0.0,netral
contoh film kkn desa tari raup juta tonton kumham kalsel lpnkarangintan kumhamkalsel faisolali lpnkarangintan lpnkarangintan wahyususetyo kanwil kemenkumham kalsel faisol ali,0.0,0.0,netral
kkn desa tari sewu dino tarik baca biar orang theatre mindnya ketimbang film,0.0,0.0,netral
ingat gabung twitter ya harijaditwittersaya karna alas pas jaman covid main medsos apa udh bosen tau thread kkn desa tari trending ig download twitter baca thread horror yg pdhl takoed,0.6666666666666666,-0.11666666666666668,negatif
skincare bagus underrated utas jisoo wild kkn desa tari bekas iphone agustus jungkookday https co msmidxytc,0.4,0.1,positif
tk il azthraal lupa desa tari mangoetzzz,0.0,0.0,netral
kkn desa tari uncut https co pwmctl e https co hm asv cye,0.8,-0.5,negatif
undipmenfess pas patung tutup kain putih rem nder asa kkn desa tari,0.0,0.0,netral
capytown fak gak takut diceritain kkn desa tari,0.0,0.0,netral
ahh shit kkn desa tari go,0.8,-0.2,negatif
dhyntaa sak multiverse ambk kkn desa tari iki,0.0,0.0,netral
kkn desa tari luwih dowo luwih medeni kisah enam mahasiswa nur widya ayu bima anton wahyu laksana kuliah kerja nyata kkn desa pencil sadar desa pilih desa,0.0,0.0,netral
somebody date morning seggs dinner seggs rough seggs soft seggs kitchen seggs shower seggs pool seggs outdoor seggs costume wearing seggs hotel seggs allday seggs make neighbors hear us seggs,0.375,0.0,netral
sumpah baca threadnya aja merinding jir tpi penasaran kek gimana adaptasi film kkn desa tari sesuai bayang pas baca threadnya,0.0,0.0,netral
ndifann iya simple man kayak kkn desa tari,0.35714285714285715,0.0,netral
yourlastya kayak kkn desa tari,0.0,0.0,netral
tanyakanrl jagain kayak nur kkn desa tari loh jaga,0.0,0.0,netral
official teaser ost kkn desa tari https co qgddupoyvs,0.0,0.0,netral
ost kkn desa tari official teaser https co lpiagf knd,0.0,0.0,netral
fwbess hmu soc hereee,0.0,0.0,netral
fwbess soc,0.0,0.0,netral
f solo yg bom masjid syaikh zayed https co ibhjonsfao,0.0,0.0,netral
ni kkn desa tari ririastria,0.0,0.0,netral
kkn desa tari parah sih guna jawanya pake jawa jawa doang tempat gak pas ngomong orang yg tua pakenya ngoko nada cele tang nada kek gin dimix ngoko kesan gak sopan,0.0,0.0,netral
jalan kkn desa tari https co obgtueckjd,0.0,0.0,netral
suholee gar log garem oren onlyvvan habisnontonfilm kkn desa tari karakter orang desa orang banyuwangi logat jawa suroboyoan campur jawa mataraman wkwk,0.0,0.0,netral
thejurgenholic lagu remix kkn desa tari gen,0.0,0.0,netral
justmeorme setia tunggu sewu dino moga patah harap kayak desa tari,0.0,0.0,netral
ipunk suka cerita kkn desa tari daerah bwi tp challenging jg kalo rumah spt https co ppmfvheb x,1.0,0.5,positif
populer sinopsis sewu dino seram kkn desa tari https co hyqogbjdt,0.0,0.0,netral
detikcom syuting desa tari,0.0,0.0,netral
ruanglucuuu kkn desa tari,0.0,0.0,netral
oalaah gin kkn desa tari,0.0,0.0,netral
narcissons preman desa tari,0.0,0.0,netral
moviemenfes nonton kkn desa tari geli cok gada proper riset gitu basa jawa aja beda kota beda,0.1,0.0,netral
akubinaan saturnalready kkn desa tari wkwkkw,0.0,0.0,netral
harga tiket bioskop kkn desa tari,0.0,0.0,netral
dapetin tiket sewu dino ga dapetin kkn desa tari,0.0,0.0,netral
jogmfs pas jaman kkn desa tari,0.0,0.0,netral
film based trailer sm film kkn desa tari kesan kalo film dasar pov org jekerda skitarnya terhdap budaya sosial jawa alias oriental jawa bahasa sebenernya kalo konvensional tutur tutur paham konteks,0.0,0.0,netral
zareihan notahappysalad moviemenfes org org mikir bahasa indonesia dimedokin bahasa jawa timur refer kkn desa tari movie,0.0,0.0,netral
alfanrahadi lewatsfilm habisnontonfilm ulang resah orang jawa asli pas nonton kkn desa tari kek,0.0,0.0,netral
lg ulang salah kkn desa tari,0.0,0.0,netral
thn mlh hrs tunggu minggu slps film lebaran utk tonton film indonesia krn bioskop bnr asai kkn desa tari doctor strange multiverse madness dgn kuntilanak jepit tgh film,0.15,-0.05,negatif
film kalah bagus kkn desa tari https co whpanm z,0.0,0.0,netral
jokiin teks kritik film kkn desa tari due minggu zonaba zonauang,0.375,-0.125,negatif
ngeri film kkn desa tari sinopsis sewu dino tayang lebaran kkndesapenari filmkkndidesapenari sinopsis sewudino https co ckvaot ny,0.0,0.0,netral
badarawuhi gak ikut kutip film kkn desa tari https co eronygrpdc,0.0,0.0,netral
rekor film kkn tembus jt tayang malam https co eronygrpdc,0.0,0.0,netral
film kkn film laris industri film ambil genre horor https co nyioqarhhl,0.0,0.0,netral
kisah kkn desa tari ambil kisah nyata mahasiswa kkn desa tonton https co nyioqarhhl,0.0,0.0,netral
watching kkn desa tari,0.0,0.0,netral
maksimal film kualitas kkn desa tari baik,0.0,0.0,netral
usul badarawuhi film kkn desa tari doyan wik wik penasran film tonton https co nyioqarhhl,0.0,0.0,netral
movie kkn desa tari full movie https co nyioqarhhl lupa like share follow,0.55,0.35,positif
moviemenfes tuju sih minder aja emang kkn desa tari tonton ngalahin dr strange indo,0.15,-0.05,negatif
swiffties heyzax tytyd nya uncut cut cut kek kkn desa tari,0.8,-0.5,negatif
diosetta jsd tarik horror misteri hidup dr kkn desa tari sewu dino,0.0,0.0,netral
h moviemenfes bau bau rame kayak kkn desa tari,0.0,0.0,netral
moviemenfes gw nonton film yg kemaren aja kkn desa tari gedeg banget dialog nya bener jelek banget udah tau jawa dalam tp bahasa daerah serba kenopo iso gedeg banget dengernya maksa banget,0.0,0.0,netral
moviemenfes jaman kkn desa tari dpt slot film mcu lupa dr strange apa cuman slot wkwkwkwkw ya ga ngaruh sih,0.15,-0.05,negatif
moviemenfes kkn desa tari ga tau coba simpleman boro boro inget bro simpleman butuh dapatin kisah nyata rem cari info cari data wawancara kesel studio film indonesia pelit riset pelit cari informasi,0.0,0.0,netral
kkn desa tari wkwk,0.0,0.0,netral
bahasa jawa kkn desa tari maksa klo emang setting nya jawa timur gpp sih pake bhs indonesia yg lebi masuk akal dr pda pake bahasa ala jakarta,0.0,0.0,netral
habisnontonfilm kemarin kkn desa tari bahasa luwes tonton netizen hak harap adaptasi,0.0,0.0,netral
beputr moviemenfes komen kkn desa tari koq lurah pake bahasa jawa ngoko yo ora sopan eh yg komen lumrah,0.0,0.0,netral
alas mergo ga ndelok versi film e kkn desa tari ndelok trailer e ae jowone mekso mending moco thread e timbang ambyar ng bioskop krungu bosone urap,1.0,-0.4,negatif
habisnontonfilm gak nonton kecewa kkn desa tari sok gaya sok drama horor gada,0.0,0.0,netral
manoj punjabi sewu dino milik potensi kkn desa tari https co apqzhtyq q,0.0,0.0,netral
kemarin rewatch kkn desa tari adek trs scene pas anton ngasih tau nur bawah dipan bima aja sesajen trs bilang tuh percaya nggak karo trs komen halah iki nek jowo te mah ngomonge wi ngandel ora wkwkwk,0.0,0.0,netral
moviemenfes gue rasain nonton kkn desa tari sebel bgt anjir nyampur bahasa,0.0,0.0,netral
habisnontonfilm yups aneh kek kkn desa tari kemaren banget dialog yg aneh bilang gimanapun tetep yg ngerasa aneh wkwk,0.0,0.0,netral
habisnontonfilm kemarin aja yg kkn desa tari bahasa jawanya ganggu maksa banget compare series teluh darah yg skrg going pakai bahasa jawa tp beneran bagus lafal native speaker castnya yg asli jawa kali,0.0,0.0,netral
manoj punjabi sewu dino potensi kkn desa tari https co yls hue u,0.0,0.0,netral
moviemenfes lupa ajar film kkn desa tari hadehh,0.0,0.0,netral
moviemenfes blm minat nonton film adaptasi tweet kaca dr kkn desa tari,0.0,0.0,netral
manoj punjabi film sewu dino seram banding kkn desa tari https co nayo jgvdk,0.0,0.0,netral
putripurwaa desa tari,0.0,0.0,netral
literallysadboi cookikawa moviemenfes simplem emg sadar kalo simplem orang marketing thread dijadiin komersil kkn desa tari script film terbit thread twitter,0.0,0.0,netral
yg industri film indo saing lho bukti lebaran kkn desa tari saing keras dr strange multiverse madness,0.15,-0.05,negatif
misteri hutan karet part https co jgweosnuk bacahorror ceritahorror horror threadhorror ceritahorrorpendaki misteri ceritamisteri setan hantu santet desapenari suaritoto pendakianhorror https co pgp wuwv,0.0,0.0,netral
lilianaaster sewu dino kisah yg kyk kkn desa tari li,0.0,0.0,netral
udah nonton kkn desa tari jumpscarenya ga guys sender suka jantung,0.0,0.0,netral
habisnontonfilm kkn desa tari emang jelek bahasa jawanya film yg ga baik salah orang jawa aja males dengernya,0.0,0.0,netral
moviemenfes kemaren gua nonton kkn desa tari kagak subtitle indonya anjir pas bahasa jawa ny muncul,0.0,0.0,netral
manoj punjabi bawa main kkn desa tari promosi kota negara https co cmpbq ako,0.3333333333333333,0.16666666666666666,positif
rill srimulat keramat doang bahasa jawanya acceptable telinga wkwkwk ga sih nonton film indo bikin gatel tu kkn desa tari maghrib eughhhh,0.0,0.0,netral
moviemenfes yap sepakat tangkep nonton trailer film genre kkn desa tari heran,0.0,0.0,netral
habisnontonfilm ngambil thread twitternya si simple man kaya kkn desa tari,0.35714285714285715,0.0,netral
moviemenfes riil kalo guna bahasa orang yg tua ga cocok bisa bilang suwun mbah orang yg tuaaa film kkn desa tari,0.0,0.0,netral
ugm fess kkn desa tari,0.0,0.0,netral
jokiin teks kritik film kkn desa tari due minggu zonaba zonauang,0.375,-0.125,negatif
ugm fess kkn desa tari,0.0,0.0,netral
ugm fess kkn desa tari,0.0,0.0,netral
worldtiputipu desa tari aj tutup mata,0.0,0.0,netral
aghniny haque main film kajiman iblis kejam tagih janji ulang sukses kkn desa tari celebritiesdotid infocelebterkini https co xqjtsfkjxe,0.3333333333333333,0.16666666666666666,positif
seram kkn desa tari sinopsis film sewu dino tayang lebaran ti https co tvyomxh,0.0,0.0,netral
film kalah bagus kkn desa tari https co whpanm z,0.0,0.0,netral
ih pgn baca threadnyaaa tuh udah baca pas cuman kek skip krn suka cerita kkn desa tari relate dg kondisi yg anak mahasiswa sooo lets go cari threat sewu dino membacanyaa,0.0,0.0,netral
kapok nonton kkn desa tari bhs jawanya ga mantep,0.0,0.0,netral
badarawuhi gak ikut kutip film kkn desa tari https co eronygrpdc,0.0,0.0,netral
capriccinos horor kayak kkn desa tari ya,0.0,0.0,netral
rey listic jaya jaya jaya yah couple kkn desa tari irl ayu bima,0.0,0.0,netral
rekor film kkn tembus jt tayang malam https co eronygrpdc,0.0,0.0,netral
film kkn desa tari bahasa jawanya maksa banget liat trailer sewu dino bahasa campur campur maksain,0.0,0.0,netral
film kkn film laris industri film ambil genre horor https co nyioqarhhl,0.0,0.0,netral
moviemenfes kkn desa tari didmn adegan si nur yg mandi trus ganggu si doi malemnya ganggu si doi,0.0,0.0,netral
kisah kkn desa tari ambil kisah nyata mahasiswa kkn desa tonton https co nyioqarhhl,0.0,0.0,netral
jokoanwar horor drpd kkn desa tari,0.0,0.0,netral
usul badarawuhi film kkn desa tari doyan wik wik,0.0,0.0,netral
mnurhanif sosmedkeras mimpiin uler gegara abis nonton film anaconda kkn desa tari,0.0,0.0,netral
movie kkn desa tari full movie https co nyioqarhhl lupa like share follow,0.55,0.35,positif
freshteaaaa prokernya ntar gak rem kek desa tari nder,0.0,0.0,netral
film indo please kalo judul jawa tema jawa yall hire aktor jawa asli kkn desa tari udah bikin trauma jgn sampe sewu dino,0.0,0.0,netral
ajar kritik film kkn desa tari,0.0,0.0,netral
kkn desa tari bener gajelas dialog maksa pol pake bahasa jawa wkwk,0.0,0.0,netral
kayane nonton bioskop kuping geli ngrungokne bahasa mbok wis mending cari per film lokal wae tilik maknyus sinau kkn desa tari lho kepriwe kiye,0.0,0.0,netral
kadyasandya asli nonton kkn desa tari kemarin protes ginian temenku,0.0,0.0,netral
kiyongbrb singkat kkn desa tari,0.0,0.0,netral
deuteronomyth kksn desa tari,0.0,0.0,netral
ketimbang kkn desa tari tarik nonton sewu dino si,0.0,0.0,netral
ulang salah yg kkn desa tari skrip dialog sis boso jowo kluthuk ndak gene gari nambahin translate g ngisore setting apik akting apik neng dialog e gawe elek boskuu,0.0,0.0,netral
moviemenfes kkn desa tari,0.0,0.0,netral
kkn desa tari sm squid game series sih tp ttp yaa gitu ga niat nonton,0.4,-0.4,negatif
kkn desa tari,0.0,0.0,netral
kkn desa tari,0.0,0.0,netral
jujur ngerasa nggak rem rem kkn desa tari sih versi film,0.0,0.0,netral
kadyasandya ga kaget krn md wkwkwk kkn desa tari bahasa gitu,0.0,0.0,netral
kadyasandya salah sijine alas bikin ndak kuat dok kkn desa tari,1.0,-0.4,negatif
ndenger bahasa jawa remix bahasa indonesia kalo kalimat oke kalo keburu males kayak orang gak riset produksi ulang kesalaham yg film kkn desa tari,0.0,0.0,netral
liat trailer sewu dino part yg gigit kek evil dead versi lokal lihat bagus kkn desa tari si,0.7,-0.6,negatif
sukakarinaaa kung fu panda desa tari,0.0,0.0,netral
inget gue farimurti ngetawain bahasa jawanya per per warga lokal kkn desa tari yg gak convincing dua jawa jadi aja cringing jawa tulen,1.0,0.5,positif
ismiismamasmuk eh cerita horror yg viral kayak kkn desa tari,0.0,0.0,netral
harga tiket bioskop kkn desa tari,0.0,0.0,netral
dipulpong rem sii dipp wkwkwk ingetnya pas cuplik film kkn desa tari trailer skrg lg gamau nonton trailer soale lg keweden hbs nonton horor td wkwkwkwk,0.0,0.0,netral
misteri hutan karet part https co c ejjmmkos bacahorror ceritahorror horror threadhorror ceritahorrorpendaki misteri ceritamisteri setan hantu santet desapenari suaritoto pendakianhorror https co ghmuffs,0.0,0.0,netral
kkn desa tari official trailer april bioskop https co ljswj,0.0,0.0,netral
kadyasandya pas kkn desa tari nggateli te cok,0.0,0.0,netral
gokil film cerita simpleman udah baca threadnya sih ga wow kkn desa tari kemaren ramenya,1.0,0.1,positif
shoguneuthymia kkn desa tari bang,0.0,0.0,netral
kkn desa tari bibo pasang koridor tanggal merah well fakta mei rerata okupansi kkn fantastis pantuan bibo turun itu langsung tajam https co c tjrzn,0.0,0.0,netral
koreksi update koridor rilis lebaran jalur mulus bentang film indonesia saing hollywood blockbuster koridor nikmat kkn desa tari https co phjjh oiiu,0.0,0.0,netral
kadyasandya yokann mbatinn pas kkn desa tari pingin sunat iku ilat e,0.0,0.0,netral
ulyzulfaa tanyakanrl baca ga kaya pas baca kkn desa tari rem bingung iya wkwk pabrik gula ya rem lik,0.0,0.0,netral
gua baca cerita simple man merindingg puooll ngalah kkn desa tari,0.35714285714285715,0.0,netral
trailer sewu dino yg yg kkn desa tari beda yh suka yg kkn desa tari kemaren asa banget cekam,0.0,0.0,netral
kemaren giat nonton kkn desa tari kamis malam jumat yg ngejak gw ga temen nonton sebenernya gaada yg dimintain tolong jemput sih gw real beban bonceng,0.30000000000000004,0.2,positif
baca threadnya turut sewu dino rem ampun ngalahin kkn desa tari jdi fav baca sampe merinding bgt ku liat della versi film cantik pdhl versi threadnya rem mampus,0.0,0.0,netral
habisnontonfilm rem banding kkn desa tari sih kkn udh rem freaky bgt sih trailer nya,0.0,0.0,netral
kimetsu yaiba desa tari,0.0,0.0,netral
bagi film kkn desa tari extended movie btw nonton bareng,0.0,0.0,netral
moga tydack kecewa kkn desa tari hadehhh bgt,0.0,0.0,netral
jeongjeffers yg bikin thread desa tari gasih,0.0,0.0,netral
lepas kkn desa tari lesssgoo,0.0,0.0,netral
tw horor hantu blm sempet baca thread sewu dino nya sampe selesai kalo nonton film nya duluan kek ekspektasi ku ga tinggi kek kkn desa tari kmrn nonton kali ya besok kalo rilis wkwk kek lumayan tarik,0.0,0.0,netral
film kalah bagus kkn desa tari https co whpanm z,0.0,0.0,netral
bbayi seru kayak desa tari tp rem wkwkwk udah film,0.0,0.0,netral
badarawuhi gak ikut kutip film kkn desa tari https co eronygrpdc,0.0,0.0,netral
habisnontonfilm kemarin udah liat sequel film kkn desa tari extended movie emang ngeri sih mandiin mayat kerangkeng keranda kamar kunci pake ritual jelasin via suara radio jadul lg bangsat gimana ga tremor bantu,0.0,0.0,netral
kucingsukamakan yeah usually give type stories benefit doubt one sit right feels like trying get kkn desa tari type beat cliche ass horror twist,0.39285714285714285,0.01785714285714285,positif
rekor film kkn tembus jt tayang malam https co eronygrpdc,0.0,0.0,netral
film kkn film laris industri film ambil genre horor https co nyioqarhhl,0.0,0.0,netral
kaya yg layak tonton dr yg desa tari,0.0,0.0,netral
udah baca threadnya tau takut banding kkn desa tari,0.0,0.0,netral
harimau wilayah garut sih maung pulau jawa bahas ular nyi blorong badarawuhi nagini siluman ular putih hitam harimau anak kkn desa tari selamat https co gxnjrt l,0.0,0.0,netral
exodusuho bagus threadnya lbh bagus dr desa tari,0.0,0.0,netral
beuh ngantuk bgt mana survey kkn desa tari ngga ding rem bgt kering gk ya tenggorok,0.0,0.0,netral
kisah kkn desa tari ambil kisah nyata mahasiswa kkn desa tonton https co nyioqarhhl,0.0,0.0,netral
cinta horor wait sewu dino thread suka sewu dino kkn desa tari kimo stamboel mikha tambayong trailer okeeee lihat eksekusi cekam threadnya,0.0,0.0,netral
abellcart hekyie tanyakanrl si sri tinggal jg ya brtanya kisah nyata fiksi sih kyk kkn desa tari tuh ambil dr ksh nyata gak ya kalo dr ksh nyata sewu dino narsumnya si sri tp sri nya tinggal gmn critainnya klo tinggal,0.0,0.0,netral
ah trnyata yg mikir sewu dino g rem lbh merinding wktu baca yg kkn desa tari drpd sewu dino,0.0,0.0,netral
usul badarawuhi film kkn desa tari doyan wik wik penasran film tonton https co nyioqarhhl,0.0,0.0,netral
habisnontonfilm potensial threadnya edan tambah didirect kimo sang maestro film brutal ya moga ga kecewa kyak kkn desa tari,1.0,-0.875,negatif
movie kkn desa tari full movie https co nyioqarhhl lupa like share follow,0.55,0.35,positif
https co uxwaxksttw,0.0,0.0,netral
habisnontonfilm kecewa kkn desa tari yg asa horor baca threadnya,0.0,0.0,netral
senyumanx moviemenfes tekok thread twitter maneh gak bedo adoh tekok kkn desa tari,0.0,0.0,netral
cikakohl film kkn desa tari cerita tegang suasana desa seram takut hfn,0.0,0.0,netral
cikakohl kkn desa tari seram jalan cerita tarik bosan hfn,0.0,0.0,netral
official trailer sewu dino udah rilis dichannel youtube md pictures trailer simpul kemungki film bagus seram banding kkn desa tari directornya kimo stamboel janji fullnya https co n cstdtlog https co ngbipnhumx,0.0,0.0,netral
unmoodknow kkn desa tari die kalo lo tau,0.0,0.0,netral
cinecrib bagus kkn desa tari tulis cerita rapi runut gak kes kaya thread visualisasi,0.0,0.0,netral
sepngcheol selfolconvo desa tari,0.0,0.0,netral
misteri hutan karet part https co cpjxdpx hk bacahorror ceritahorror horror threadhorror ceritahorrorpendaki misteri ceritamisteri setan hantu santet desapenari suaritoto pendakianhorror https co foenevejo,0.0,0.0,netral
kkn desa tari https co ucx kvhxyf,0.0,0.0,netral
cikakohl favourite indonesian movie kkn desa tari best storyline best location many hfn,0.3666666666666667,0.8333333333333334,positif
film kalah bagus kkn desa tari https co whpanm z,0.0,0.0,netral
badarawuhi gak ikut kutip film kkn desa tari https co eronygrpdc,0.0,0.0,netral
jiaer tnt kmrn yg gw ketemu desa tari,0.0,0.0,netral
kisah kkn desa tari ambil kisah nyata mahasiswa kkn desa tonton https co nyioqar sd,0.0,0.0,netral
cikakohl film fav kkn desa tari suka film adopsi kisah nyata penasaran jam hfn,0.0,0.0,netral
usul badarawuhi film kkn desa tari doyan wik wik penasran film tonton https co nyioqarhhl,0.0,0.0,netral
watchmenid kkn desa tari,0.0,0.0,netral
movie kkn desa tari full movie https co nyioqarhhl lupa like share follow,0.55,0.35,positif
kkn desa tari ya,0.0,0.0,netral
asmikhae wonder use term desa instead kampung like kkn desa tari,0.0,0.0,netral
renaldahanggar comeback kkn desa tari dek,0.0,0.0,netral
cikakohl kkn desa tari film juta tonton film karya cinta krn semesta dukung viral modal film laris manis bukti ilmu marketing yg mahal viral hfn,0.0,0.0,netral
cikakohl kkn desa tari ga tau suka banget nih film film favorit sesuai ekspektasi cerita yg film hfn,0.0,0.0,netral
whutcore kyk kkn desa tari,0.0,0.0,netral
pppanteqqq claudia jasmine put sutradara person made kkn desa tari nefilwowfakta,0.0,0.0,netral
cikakohl film kkn desa tari gak sih film pecah pas scene widya dikerubutin dedemit beeeh ngeriii cok hnf,0.0,0.0,netral
honsoolatnight horor kkn desa tari rekomen bangaat nonton,0.0,0.0,netral
moranxy emang si desa tari,0.0,0.0,netral
cikakohl hfn kkn desa tari,0.0,0.0,netral
cikakohl kkn desa tari sblm tayang udh nonton dluan kerja bi skop wktu jd shari kli nnton memorable bgt pgn ruameee poll kalang nonton emg seru bgt rem sih turut takut horor hfn,1.0,0.5,positif
fontnya kkn desa tari anjir,0.0,0.0,netral
penghaluayang inget kkn desa tari,0.0,0.0,netral
cumbu tubuh indah sutradara garin nugroho kisah jala hidup juno dewasa tari desa jawa kenal desa tari lengger lag jenis tari perempuan bawa tari laki laki,0.0,0.0,netral
taun abis liat kkn desa tari liat curi raden saleh aghniny haque peran timpang banget asli ilmu taekwondo kepake curi raden saleh wkwk,0.0,0.0,netral
sixnema kalo alur suka abdi setan kalo traditional culturenya relate kalo keramat plot twist sih kayak empat cerita sih bikin mikir selamet ga kkn desa tari sih somehow,0.75,0.0,netral
bf rent avail skrng diajakin nonton kkn desa tari otp gaa ya,0.0,0.0,netral
bangchankipas bim siram desa tari kah,0.0,0.0,netral
font spidernya kek font kkn desa tari anjir salfok mulu aing wkwkwk,0.0,0.0,netral
misteri hutan karet part https co qnq ehebu bacahorror ceritahorror horror threadhorror ceritahorrorpendaki misteri ceritamisteri setan hantu santet desapenari suaritoto pendakianhorror https co okm n yqu,0.0,0.0,netral
misteri hutan karet part https co l l jl xmw bacahorror ceritahorror horror threadhorror ceritahorrorpendaki misteri ceritamisteri setan hantu santet desapenari suaritoto pendakianhorror https co ilcrtyne,0.0,0.0,netral
misteri hutan karet part https co ook ua iiz bacahorror ceritahorror horror threadhorror ceritahorrorpendaki misteri ceritamisteri setan hantu santet desapenari suaritoto pendakianhorror https co jsvrm fu,0.0,0.0,netral
wonurungji laba laba desa tari,0.0,0.0,netral
peringkat film kkn desa tari susul dil ayat ayat cinta garis biru https co fejxdovelt infomuda https co fbbc jairh,0.0,0.0,netral
kucingsukamakan semenjak desa tari mistis kait tinggal kostan ampe bosen dengernya byk yg hoax,0.0,0.0,netral
anj font nya kyk kkn desa tari https co vzwmigrbyw,0.0,0.0,netral
mikirnya udah mbak suruh bikin konten biar yg penasaran hal kkn desa tari formula wkwk,0.0,0.0,netral
moviemenfes kkn desa tari tembus jt tonton loh wow,1.0,0.1,positif
ududul kkn desa tari aja ampe abis aplg pendek wkwk,0.0,0.0,netral
kkn desa tari udah tebak yupss film rilis sutradara awi suryadi film asal thread twitter viral simpleman tonton film capai film tonton disney,0.0,0.0,netral
koreksi tulis tambah ubah nama kandidat nominasi kategori desain poster kkn desa tari puja mulani https co q hqwp v,0.0,0.0,netral
jokoanwar jagat sinema bumilangit mecahin rekor film kkn desa tari,0.0,0.0,netral
semekamuu cht telegram bang nonton kkn desa tari ga bang,0.0,0.0,netral
film kalah bagus kkn desa tari https co whpanm z,0.0,0.0,netral
tanyarlfes tari desa kkn,0.0,0.0,netral
badarawuhi gak ikut kutip film kkn desa tari https co eronygrpdc,0.0,0.0,netral
kisah kkn desa tari ambil kisah nyata mahasiswa kkn desa tonton https co nyioqarhhl,0.0,0.0,netral
usul badarawuhi film kkn desa tari doyan wik wik penasran film tonton https co nyioqarhhl,0.0,0.0,netral
movie kkn desa tari full movie https co nyioqarhhl lupa like share follow,0.55,0.35,positif
kkn desa tari official final trailer april bioskop https co pcpefolyba,1.0,0.0,netral
kkn desa tari gala premiere https co w pki lwrv,0.0,0.0,netral
aku baru simpleman kkn desa tari https co je aalmi l,0.0,0.0,netral
kkn desa tari beda thread twitter emang pas inti cerita tuh kayak langsung nembak gitu ga alur yg kayak step step suka pas cerita inti cerita ga masuk,0.0,0.0,netral
kkn desa tari adinda thomas asli takut https co dhlc,0.0,0.0,netral
memesejutaumat kkn desa tari luwih dowo luwih medeni,0.0,0.0,netral
alas simpleman saran nonton kkn desa tari https co sprbprda x,1.0,-0.4,negatif
jam bahagia gw ganyampe detik gw lgsg duduk sopan tweet org yg liat hantu blg hantu bioskop joget pas putar film kkn desa tari bangke,0.0,0.0,netral
testimonial artis kkn desa tari https co scb tuizf,0.0,0.0,netral
inihujanbknrein budaya desa tari,0.0,0.0,netral
selamat aktris film happy salma cek toko belah laura basuki ig naysilla mirdad kkn desa tari adinda thomas kira kau rumah prilly latuconsina like share arawinda kirana,1.0,0.8,positif
selamat aktris film laura basuki cek toko belah adinia wirasti ig lydia kandou kkn desa tari aulia sarah like share aulia sarah miracle cell mawar de jongh,0.0,0.0,netral
selamat aktor aktris film gara gara waris lolox dicky difie ence bagus aci resti ivanna tanta ginting keramat caruban larang poppy sovia kkn desa tari diding boneng curi raden saleh reza hilman,0.0,0.0,netral
ngeri cast kkn bereg ular kkn desa tari md talk https co fckatq nqt,0.0,0.0,netral
kkn desa tari calvin jeremy kuat mandi hari https co j mzspxkni,0.0,0.0,netral
desa tari know https co styw eod,0.0,0.0,netral
hrdbacot azw r mantan bupati kabupaten kkn desa tari gagal nyalon goberno r jatim muncul foto doi wanita nganu eh menteri partai chichago bulls,0.0,0.0,netral
kkn desa tari calvin jeremy suka bikin konten https co bfgfdrfxmw,0.0,0.0,netral
devano suka banget kkn desa tari short mdpictures https co laauieccf,0.3,0.0,netral
kkn desa tari ayu jatuh motor md interview megantara aghniny haque https co wjbkfc tt,0.0,0.0,netral
kkn desa tari merinding adinda thomas ganggu makhluk halus syuting kkn https co r yfy cjt,0.0,0.0,netral
film kalah bagus kkn desa tari https co whpanm z,0.0,0.0,netral
worth tegang testimonial kkn desa tari https co ce tf qm,0.1,0.3,positif
harga tiket bioskop kkn desa tari,0.0,0.0,netral
kkn desa tari anying https co p bfg az,0.0,0.0,netral
harga tiket kkn desa tari,0.0,0.0,netral
badarawuhi gak ikut kutip film kkn desa tari https co eronygrpdc,0.0,0.0,netral
kisah kkn desa tari ambil kisah nyata mahasiswa kkn desa tonton https co nyioqarhhl,0.0,0.0,netral
ungkap wahyu naksir widya kkn desa tari game cepat https co c xziv,0.4,-0.4,negatif
usul badarawuhi film kkn desa tari doyan wik wik penasran film tonton https co nyioqarhhl,0.0,0.0,netral
tissa biani pesan tunggu lokasi syuting kkn desa tari inside md e https co pjzdmppiu,0.0,0.0,netral
movie kkn desa tari full movie https co nyioqarhhl lupa like share follow,0.55,0.35,positif
nggak terima fajar lawa ambil megantara kkn desa tari https co uj illf,0.0,0.0,netral
idextratime mas mas sek maen film kkn desa tari,0.0,0.0,netral
dhat sinden kkn kit official audio kkn desa tari https co vtsoqatbaz,0.0,0.0,netral
kkn desa tari halusinasi tissa biani syuting kkn inside md e https co auvvcm co,0.0,0.0,netral
kkn desa tari tari adegan hajat https co oddm ezbfr,0.0,0.0,netral
rumah produksi md pictures adaptasi karya simpleman tulis kkn desa tari film baru judul sewu dino https co rt fpfkokf,0.0,0.0,netral
kkn desa tari hasil guncang debar jantung tonton https co qwqha vgl,0.0,0.0,netral
kkn desa tari badarawuhi ngomongin cast https co l gvpgux,0.0,0.0,netral
kkn desa tari behind scene part https co fk cif vy,0.7,-0.4,negatif
merinding gentayangin umur hidup kkn desa tari md podcast widya podcast https co csccchd,0.0,0.0,netral
selamat film argantara enggar budiono batara goempar kkn desa tari ipung rachmat syaiful like share deska barso curi raden saleh bagoes tresna aji miracle cell yunus pasolang,0.0,0.0,netral
selamat film vida sylvia ivanna rico marpaung kkn desa tari wencislaus de rozari like share dita gambira curi raden saleh yusuf kaisuku miracle cell frans xr paat,0.0,0.0,netral
selamat film cek toko belah alvin hariz ivanna puja mulani kkn desa tari andychah ibnu abdillah madebyhumans like share alvin hariz curi raden saleh alvin hariz ngeri ngeri sedap alvin hariz pamali alvin hariz,0.0,0.0,netral
selamat film retno ratih damayanti kkn desa tari angelia florensia like share dara asvia curi raden saleh marcello hizky miracle cell dara asvia ngeri ngeri sedap aldie harra,0.0,0.0,netral
selamat film eba sheba ivanna ucok albasirun kkn desa tari irene widya arogyani like share astrid sambudiono miracle cell din syamsudin abdi setan communion darwyn tse,0.0,0.0,netral
film horor indonesia nonton kkn desa tari lebih nonton horor barat pas nonton tutup mata,0.0,0.0,netral
selamat film ivanna mattebox visualworks jagat arwah fakhiran hakim luqman thalib kkn desa tari harris reggy kuntilanak ganda harta curi raden saleh afterlab abdi setan communion abby eldipie,0.0,0.0,netral
rusuh banget cast kkn gak kalah main ular tangga kkn desa tari https co lddwp qskc,0.3333333333333333,0.16666666666666666,positif
selamat film nakorn kositpalsal suchada supromin trisno ivanna aria prayogi arif budi santoso keramat caruban larang ikhsan sungkar adimolana machmud kkn desa tari hiro ishizaka radian kanugroho,0.0,0.0,netral
selamat film ricky lionardi kkn desa tari ricky lionardi like share aria prayogi curi raden saleh abel huray miracle cell purwatjaraka ngeri ngeri sedap viky sianipar,0.0,0.0,netral
putihnyatas film indonesia horor nonton ya kkn desa tari,0.0,0.0,netral
xoazun euppy takut banget jennie kkn desa tari jd tar,0.0,0.0,netral
hakimlfc isooo cerita thread kkn desa tari yoo wkwk,0.0,0.0,netral
kkn desa tari nggak nyangka megantara ganteng ganteng suka julid https co zjlyov hl,0.0,0.0,netral
kkn desa tari behind scene part https co u lozcpu,0.7,-0.4,negatif
tali pocong sumur kkn desa tari md podcast bima https co fz hs x,0.0,0.0,netral
kkn desa tari horror story bacahorror bacahorror malam gw cerita cerita gw spesial gw https co yv umw jsz ceritahoror,0.0,0.0,netral
film kalah bagus kkn desa tari https co whpanm z,0.0,0.0,netral
kkn desa tari behind scene photoshoot https co nh yt evzf,0.7,-0.4,negatif
kalo bandinginnya tonton mah kalahin noh kkn desa tari simpleman cinematic universe,0.2,0.0,netral
badarawuhi gak ikut kutip film kkn desa tari https co eronygrpdc,0.0,0.0,netral
tangis malam anggota kkn kkn desa tari md podcast badarawuhi https co rqb drzg x,0.0,0.0,netral
kit dhat official lyric video ost kkn desa tari https co rgu cv ryp,0.65,0.25,positif
kisah kkn desa tari ambil kisah nyata mahasiswa kkn desa tonton https co nyioqarhhl,0.0,0.0,netral
kkn desa tari care tissa biani picu emosi cast https co jytsp wwgh,0.0,0.0,netral
usul badarawuhi film kkn desa tari doyan wik wik penasran film tonton https co nyioqarhhl,0.0,0.0,netral
movie kkn desa tari full movie https co nyioqarhhl lupa like share follow,0.55,0.35,positif
kkn desa tari behind scene part https co fudronyukx,0.7,-0.4,negatif
moviemenfes im sorry say kkn desa tari nyesel bgt nntn bioskop kl ga ajak tmn nntn gue ga nonton sih rem modal sound effects doang actingnya badarawuhi bagus tolong sm aja,0.7,-0.04999999999999999,negatif
faizalukman nyebrang pulo ya negara fyi juli ti kkn desa tari eh salah desa burong mandi,0.0,0.0,netral
kkn desa tari calvin jeremy antem lokasi syuting kkn https co exde b,0.0,0.0,netral
benda pusaka desa misterius kkn desa tari md podcast calvin jeremy https co h mstfdlp,0.0,0.0,netral
aldapstsr per utama wanita kkn desa tari,0.0,0.0,netral
kkn desa tari sesajen tabur lokasi syuting kkn https co epqau paau,0.0,0.0,netral
priskilaworo ti lebaran nonton teh yuuuk mudik kkn desa tari,0.0,0.0,netral
lovez ne kkn desa tari,0.0,0.0,netral
kkn desa tari nonton bareng warga desa tari https co f rzg sus,0.0,0.0,netral
moviemenfes nonton aja kkn desa tari wkwkwk,0.0,0.0,netral
kkn desa tari momen syuting part https co buaib udej,0.0,0.0,netral
ipb menfess baur masyarakat apatis warga dont larang kyk film kkn desa tari ngejalanin proker yg masyarakat libat jg kalo dampak lanjut bagus thx,0.0,0.0,netral
kkn desa tari bioskop bisik yayasan mata hati https co nc tfmupsm,0.0,0.0,netral
kkn desa tari luwih dowo luwih medeni https co phxbiszune,0.0,0.0,netral
tvonenews kayak survey nya desa kkn sang tari dadak atas angin gin,0.0,0.0,netral
film kalah bagus kkn desa tari https co whpanm z,0.0,0.0,netral
badarawuhi gak ikut kutip film kkn desa tari https co eronygrpdc,0.0,0.0,netral
kisah kkn desa tari ambil kisah nyata mahasiswa kkn desa tonton https co nyioqarhhl,0.0,0.0,netral
usul badarawuhi film kkn desa tari doyan wik wik penasran film tonton https co nyioqarhhl,0.0,0.0,netral
movie kkn desa tari full movie https co nyioqarhhl lupa like share follow,0.55,0.35,positif
horror story kkn desa tari versi nur https co l yt oyxqj https co bdtujrycaz,0.0,0.0,netral
cerita horor kkn desa tari versi widya https co hlrpj vu https co wtizhxg n,0.0,0.0,netral
sewu dino tulis bestseller kkn desa tari simpleman kisah klenik tanah jawa kirim gerogot nyawa manusia pikir temu jalan sesat https co ja vp fzxo https co ig nosny,0.0,0.0,netral
kkn desa tari kisah gempar dunia maya kkn desa tari cerita lembar tulis rinci kisah widya nur kawan kawan bagi https co clbnbsjtm https co u npmbon,0.0,0.0,netral
blacclune kkn desa tari isi wleowleo setan uler,0.0,0.0,netral
literarybase inget belangguan inget scene kkn desa tari kampung em jagung jawa horor beda tema aja,0.0,0.0,netral
whutcore desa tari ga,0.0,0.0,netral
autumntist kayak kkn desa tari,0.0,0.0,netral
batas danilla ost kkn desa tari official audio https co dfxr cofp,0.0,0.0,netral
muter desa hhnya putar warga bawa sesajen banck ladang putar rumah kades tabur cendol yap acara selesai malam hari ada acara tayup hibur ledhek tari ya gitu sih iseng,0.0,0.0,netral
tari mentas tari barong tari keris panggung pemaksan barong tegal tamu desa batubulan kabupaten gianyar bal minggu foto widodo jusuf foc lihat foto https co wp pl fzz https co thvron jjk,0.0,0.0,netral
misteri hutan karet part https co prxfalyank bacahorror ceritahorror horror threadhorror ceritahorrorpendaki misteri ceritamisteri setan hantu santet desapenari suaritoto pendakianhorror https co ghegfml,0.0,0.0,netral
treasuremenfess horror kkn desa tari sih kata,0.0,0.0,netral
moohd ilham gw harap bgt vibes kayak iklan gitu yg tari piring desa,0.0,0.0,netral
mana nonton film kkn desa tari legal https co wnlcpolpvl,0.2,0.2,positif
film kkn desa tari ajar nakal karepmu yo ojo trus awur bangsaaatttt,0.0,0.0,netral
moohd ilham wirgoen ngeliatnya kayak iklan kkn desa tari,0.0,0.0,netral
film kalah bagus kkn desa tari https co whpanm z,0.0,0.0,netral
seola webs desa tari,0.0,0.0,netral
badarawuhi gak ikut kutip film kkn desa tari https co eronygrpdc,0.0,0.0,netral
kkn desa tari behind scene full version https co r huzohsh,0.625,-0.025000000000000022,negatif
kisah kkn desa tari ambil kisah nyata mahasiswa kkn desa tonton https co nyioqarhhl,0.0,0.0,netral
usul badarawuhi film kkn desa tari doyan wik wik penasran film tonton https co nyioqarhhl,0.0,0.0,netral
edisi iseng bikin ilustrasi ayu film kkn desa tari kkndesapenari izin share ya om simplem https co bhlahtnzit,0.0,0.0,netral
movie kkn desa tari full movie https co nyioqarhhl lupa like share follow,0.55,0.35,positif
kemungki nasib kaya si yg mati kkn desa tari ga sih tp kl gt knp si mba miea adeknya selamatin ya,0.0,0.0,netral
nonton teluh darah episode jd emang dr episode lg ceritain bisnis yg banyuwangi pas seklibat tu patung tari pas thread jelasin ya kalo pas masuk desa nya tu patung tar gt ya bener udah,0.0,0.0,netral
bener ya kkn desa tari banyuwangi,0.0,0.0,netral
kkn desa tari,0.0,0.0,netral
kkn desa tari pamit https co xwp c gx,0.0,0.0,netral
askrlfess thread bikin kek emang biar viral ti kalo film laris kaya desa tari,0.0,0.0,netral
askrlfess ak dr g suka baca ginian yg viral kyk kkn desa tari jg g tarik dasar males baca hp,0.0,0.0,netral
sadar ending keramat kayak kkn desa tari ya ya gw nonton kkn sih kampret pas migi surup pas pocong muncul,0.0,0.0,netral
revel baby diketawain kkn desa tari wkwk,0.0,0.0,netral
misteri hutan karet part https co ndkuvimpct bacahorror ceritahorror horror threadhorror ceritahorrorpendaki misteri ceritamisteri setan hantu santet desapenari suaritoto pendakianhorror https co mfwqsxrqmg,0.0,0.0,netral
kkn desa tari thread jadi film duduk film horor indonesia laris data oktober kkn desa tari film horor indonesia favorit lho film https co mcksmei zr,0.0,0.0,netral
hopanacea gatau knp tweet sbnrnya innocent bgt tp w lngsung keinget kkn desa tari yg mas dlm bentuk thread tweets sksksk,0.7,0.5,positif
bochug yoongi yourfriend notyurnem potat ps tanyakanrl citra prima tp maiia channelnya maiia true story kalo ga salah yg pas judul jala astral desa tari seingetku,0.65,0.35,positif
moviemenfes kkn desa tari kayak sinetron azab dijadiin movie,0.0,0.0,netral
pagi mimpi brian pacar iu miror selfie kosan brian pake seragam gue gak terima gua bawa hut surup setan kkn desa tari,0.0,0.0,netral
film kalah bagus kkn desa tari https co whpanm z,0.0,0.0,netral
tari tari desa tari maju prubential illupsion,0.0,0.0,netral
badarawuhi gak ikut kutip film kkn desa tari https co eronygrpdc,0.0,0.0,netral
kkn desa tari terbit aop,0.0,0.0,netral
kisah kkn desa tari ambil kisah nyata mahasiswa kkn desa tonton https co nyioqarhhl,0.0,0.0,netral
usul badarawuhi film kkn desa tari doyan wik wik penasran film tonton https co nyioqarhhl,0.0,0.0,netral
movie kkn desa tari full movie https co nyioqarhhl lupa like share follow,0.55,0.35,positif
wkwkkwwk untung gak kkn desa tari yaak,0.0,0.0,netral
selesai nonton kkn desa tari ekspektasi,0.0,0.0,netral
tbtb w kangen per utama kkn desa tari willy apakabar yaa hallo maw beli kopi https co hejhql qb,0.0,0.0,netral
pok ameame sbyfess coba desa tari si,0.0,0.0,netral
moviemenfes kkn desa tari,0.0,0.0,netral
baca cerita kkn desa tari,0.0,0.0,netral
gubahancip ti kayaaaa kkn desa tari wkwk,0.0,0.0,netral
moviemenfes kkn desa tari like whut,0.0,0.0,netral
askrlfess spoiler film kayak kkn desa tari,0.0,0.0,netral
mvs film perempuan tanah jahannam kkn desa tari horor thriller gak ya guys,0.0,0.0,netral
film kalah bagus kkn desa tari https co whpanm z,0.0,0.0,netral
xnrainn askrlfess jd kkn desa tari real ato engga kak,0.30000000000000004,0.2,positif
windhy khaze samaaaa tipikal akun yg dgn kkn desa tari trus udah paham bikin thread pdhal kalo dr umur kek masuk generasi boomer,0.0,0.0,netral
kkn desa tari kagak horror nya samsek,0.0,0.0,netral
badarawuhi gak ikut kutip film kkn desa tari https co eronygrpdc,0.0,0.0,netral
mantap gue latih drama kkn desa tari wkwkw,0.0,0.0,netral
kisah kkn desa tari ambil kisah nyata mahasiswa kkn desa tonton https co nyioqarhhl,0.0,0.0,netral
amyourss seblakjelettot heboh kkn desa tari yaa,0.0,0.0,netral
moviemenfes kkn desa tari,0.0,0.0,netral
usul badarawuhi film kkn desa tari doyan wik wik penasran film tonton https co nyioqarhhl,0.0,0.0,netral
movie kkn desa tari full movie https co nyioqarhhl lupa like share follow,0.55,0.35,positif
moviemenfes kkn desa desa tari percent nothing percent comedy,0.0,0.0,netral
dwikiaprinaldi tari kkn desa,0.0,0.0,netral
moviemenfes kkn desa tari overall kejut,0.0,0.0,netral
jujur sampe ga percaya kkn desa tari marketing works banget maaf kalo org misterius tbtb ngethread cit yg wattpadable skeptis kalo rangkai marketing film sorry disrespectful,1.0,-0.5,negatif
askrlfess clue ku tangkap sih kkn desa tari,0.0,0.0,netral
clyd moviemenfes fakta kkn desa tari boring banget,1.0,-1.0,negatif
moviemenfes kkn desa tari,0.0,0.0,netral
harga tiket kkn desa tari,0.0,0.0,netral
moviemenfes kkn desa tari,0.0,0.0,netral
clyd moviemenfes kkn desa tari film azab sih,0.0,0.0,netral
moviemenfes kkn desa tari,0.0,0.0,netral
moviemenfes kkn desa tari kagada horor nya boring rekomendasi gue niii pee mak thailand moodbooster bgt lawak show ghost korean ngakak mulu yg nonton jg,1.0,-1.0,negatif
moviemenfes kkn desa tari,0.0,0.0,netral
moviemenfes honestly kkn desa tari thread much horrifying,0.95,-0.15000000000000002,negatif
vishwajith cvf therealpreyan bang jono x kkn desa tari clips ishq kameena https co hpyblhjg z,0.0,0.0,netral
musik kkn desa tari yg dj bang jono tu musik asli gmn si kalo film pas ayu joget penasaran wkwk trus yg duluan musik viral gitu musik tp jujur musik enak,0.0,0.0,netral
moviemenfes kkn desa tari contoh,0.0,0.0,netral
kkn desa tari fall menu gan https co ehvy ploeo,0.0,0.0,netral
akun following biji ngepost viral cerita ala ayat ayat cinta fix strategi marketing kayak desa kkn tari bntar novel film salty,0.1,0.0,netral
omahe podo kyok film desa tari wing,0.0,0.0,netral
sinopsis film sewu dino teror santet sukses film kkn desa tari md pictures produksi film judul sewu dino film penasaran horor cinta film https co fjbnsbk,0.0,0.0,netral
alanahinata jujur baca threadnya kkn desa tari tonton film,0.0,0.0,netral
zhrdhani ala desa tari angkat film yg bner aja ga salah selingkuh wkwkwkwk least takut tuhan dikit bang ngerasa dosa dikit kek malu gitu https co bt q miy,0.4,-0.3,negatif
fadlilafaradila convomf gw curiga fiksi dipost twitter dulang popularitas ntar adaptasi film kkn desa tari gitu taktik marketingnya bukti curiga gw typingnya beranta level dosen gw rada bingung baca,0.0,0.0,netral
nonton kkn desa tari dimanasi klo web,0.0,0.0,netral
convomfs threadnya sih seru ya moga ga kecewa pas film jujur kecewa kkn desa tari film,0.0,0.0,netral
convomfs baca thread emang ngeri banget sih nyeremin banding kkn desa tari penasaran ti film kaya gimana https co uts f gh j,0.0,0.0,netral
kkn desa tari official trailer coming soon america https co vlmaq py h,0.0,0.0,netral
film kalah bagus kkn desa tari https co whpanm z,0.0,0.0,netral
gigioge habisnontonfilm kkn desa tari film kek sampah,0.0,0.0,netral
virtuaibase tarik nonton potong post credit film kkn desa tari kemaren tunggu film tayang tarik sewu dino date kfc date hubungin ceriutu ya https co iy fekjygg,0.0,0.0,netral
badarawuhi gak ikut kutip film kkn desa tari https co eronygrpdc,0.0,0.0,netral
kmren nntn kkn desa tari trs malemnya ngimpi liat ular air byk bgt,0.0,0.0,netral
kisah kkn desa tari ambil kisah nyata mahasiswa kkn desa tonton https co nyioqarhhl,0.0,0.0,netral
usul badarawuhi film kkn desa tari doyan wik wik penasran film tonton https co nyioqarhhl,0.0,0.0,netral
movie kkn desa tari full movie https co nyioqarhhl lupa like share follow,0.55,0.35,positif
naufalm ngerti main twitter thread nya rapi bener sus sih sumpah curiga kek kkn desa tari yg bentar dijadiin film sinetron rame twitter,0.3333333333333333,0.16666666666666666,positif
kzahras scene kkn desa tari ya pas badarawuhinya dikalahin actual queen,0.1,0.0,netral
namirase syabieiia kks desa tari,0.0,0.0,netral
nonton kkn desa tari cito jam nonton lantai suruh parkir sok ngide turun tangga darurat tau kunci pintu atas pake lari turun parkir mobil,0.0,0.0,netral
rec rev kkn desa tari gak tuh untung desa aman ya kak,0.0,0.0,netral
dah nih kating cinta kak anna kak shameer couple goals kampus ga liat abis kkn kabar sempet break pas kkn biasa susah komunikasi kak shameer kkn desa tari https co q asgg g,0.0,0.0,netral
ga duluuuu udah kecewa kkn desa tari yg gg film,0.0,0.0,netral
tanyakanrl bagus banget cerita nulis kkn desa tari,0.0,0.0,netral
kayak pecah film kkn desa tari,0.0,0.0,netral
sewu dino rilis pas lebaran biar pecah rekor kkn desa tari,0.0,0.0,netral
lebaran taun ngecheat lari bioskop nonton kkn desa tari taun fix lari nonton sewu kuto,0.0,0.0,netral
habisnontonfilm bagus kkn desa tari,0.0,0.0,netral
endingny bikin kaya kkn desa tari aja gatau sopan santun bgt ih kesel haiiii flisss sender https co hidxnai,0.0,0.0,netral
marketing e peeewwinter te wing tari desa kkn tampil bar bakdo sak iki yo hoo,0.0,0.0,netral
simplem plot twist emang meg kkn desa tari cekam sewu dino ngebayangin hutan trus kerja ngerawat orang yg mati idup,0.0,0.0,netral
film kalah bagus kkn desa tari https co whpanm z,0.0,0.0,netral
sempet mikir pas baca cerita sewu dino rem kkn desa tari tp ga film dannnn,0.0,0.0,netral
badarawuhi gak ikut kutip film kkn desa tari https co eronygqro,0.0,0.0,netral
cerita lengkap kkn desa tari versi widya nur https co lt kg j rw blog horor kkndesapenari kkn ceritahoror hororstory viral viralindo mistis ceritaserem ceritahorror,0.0,0.0,netral
banyuwangi bom tanda john wick muncul fungsi bioskop apaaaa kkn desa tari bulan bioskop gilir film yg bagus gak,0.0,0.0,netral
kisah kkn desa tari ambil kisah nyata mahasiswa kkn desa tonton https co nyioqarhhl,0.0,0.0,netral
sbyfess baca threadnya horor ya kkn desa tari kalo dasar thread,0.0,0.0,netral
usul badarawuhi film kkn desa tari doyan wik wik penasran film tonton https co nyioqarhhl,0.0,0.0,netral
movie kkn desa tari full movie https co nyioqarhhl lupa like share follow,0.55,0.35,positif
kkn desa tari press conference launching official poster trailer https co crpndmwo,0.0,0.0,netral
blackpink really giving kkn desa tari vibe horror movie vibee,0.2,0.2,positif
harga tiket plunyon kalikuning lokasi syuting kkn desa tari klik baca https co nurekb g kompascom baca berita iklan https co jskdfhlqh download aplikasi https co z ffia https co scdgglwjbn,0.0,0.0,netral
blinkmf oosir desa tari,0.0,0.0,netral
serunyabelajar kkn desa tari tiktok https co dnrjhwylba,0.0,0.0,netral
jawafess lucune film kkn desa tari gawe aksen jowo jogja wkwkwk,0.0,0.0,netral
preciousorenji moviemenfes turut persis sih kak nnton cuplik sewu dino pas kmren nnton kkn desa tari yg extended cm bayang rumah rumah pencil hutan tp yg film rumah org kaya jawa kuno gtu gede tp utk adegan rem bgt turut yg kkn versi cont,0.0,0.0,netral
ajar dr kkn desa tari gocek nonton sewu dino bioskop,0.0,0.0,netral
moviemenfes udh baca thread nya sewu dino ti klo nntn film nya sm persis ky yg thread ngga ya kkn desa tari jg gue sm persis jd ga bikin tegang gitu,0.0,0.0,netral
kkn desa tari luwih dowo luwoh medeni md pictures x livin mandiri https co enyw cu,0.0,0.0,netral
tandang desa wisata tugu utara cisarua bogor sambut tari tugu utara asyik https co dxmsvnvdgn,0.0,0.0,netral
film kalah bagus kkn desa tari https co whpanm z,0.0,0.0,netral
badarawuhi gak ikut kutip film kkn desa tari https co eronygrpdc,0.0,0.0,netral
kisah kkn desa tari ambil kisah nyata mahasiswa kkn desa tonton https co nyioqarhhl,0.0,0.0,netral
usul badarawuhi film kkn desa tari doyan wik wik penasran film tonton https co nyioqarhhl,0.0,0.0,netral
movie kkn desa tari full movie https co nyioqarhhl lupa like share follow,0.55,0.35,positif
disocnnect ga beraniiii kkn desa tari aja ak ga berani ntn,0.0,0.0,netral
moviemenfes kkn desa tari layak tonton bikin versi halah halah gin doang,0.0,0.0,netral
kemaren beli large cup dark chocolate tetep manis kakak pahit banget ingat yg kkn desa tari kopi ga pake gula seruput aja mba yg rasuk,0.41428571428571426,0.03214285714285714,positif
moviemenfes kkn desa tari ga pntes jdi film baik indo,0.0,0.0,netral
gue baca thread kkn desa tari dengerinnn mmm nya treasure seruuuu begeteee vibesnya ga rem nyaa wkwk,0.0,0.0,netral
moviemenfes kkn desa tari tuh jelek banget bisa dapet tonton,0.0,0.0,netral
moviemenfes wednesday kkn desa tari overhyped wkwk,0.0,0.0,netral
ugm fess mengko dadine koyo kkn desa tari,0.0,0.0,netral
moviemenfes kkn desa tari overrated,0.0,0.0,netral
harga tiket bioskop kkn desa tari,0.0,0.0,netral
film kalah bagus kkn desa tari https co whpanm z,0.0,0.0,netral
badarawuhi gak ikut kutip film kkn desa tari https co eronygqro,0.0,0.0,netral
itzyejisu rem banding kkn desa tari,0.0,0.0,netral
kisah kkn desa tari ambil kisah nyata mahasiswa kkn desa tonton https co nyioqar sd,0.0,0.0,netral
tanyarlfes gila bgt pas part gigit kuping honestly gw thread horor sewu dino horror ketimbang kkn desa tari,0.9,0.6,positif
kkn desa tari luwih dowo luwih medeni gala premiere https co akiue rrh,0.0,0.0,netral
usul badarawuhi film kkn desa tari doyan wik wik penasran film tonton https co nyioqarhhl,0.0,0.0,netral
movie kkn desa tari full movie https co nyioqarhhl lupa like share follow,0.55,0.35,positif
kkn desa tari luwih dowo luwih medeni alas kuat larang widya kkn https co lopz ucszc,1.0,-0.4,negatif
sewu dino tanggap cast kkn desa tari sewu dino https co ikk fcgh b,0.0,0.0,netral
kkn desa tari luwih dowo luwih medeni seru roadshow bekas slip https co foksgecokv,0.0,0.0,netral
widya main desa tari,0.3333333333333333,0.16666666666666666,positif
udah selesai baca jujur ya experience baca rem baca kkn desa tari sumpah kkn versi thread buku tuh rem banget baca sayang adaptasi film banget gak rem rem,0.0,0.0,netral
jasmminne yusufimronn uler desa tari,0.0,0.0,netral
kkn desa tari ga nya sewu dino anjir real,0.30000000000000004,0.2,positif
aaaaaa mampus rem kkn desa tari beneran visual bayang,0.0,0.0,netral
tanyakanrl lagu desa tari,0.0,0.0,netral
kkn desa tari luwih dowo luwih medeni seru roadshow bogor https co gfeabnbiq,0.0,0.0,netral
desa desa tari,0.0,0.0,netral
tanyakanrl klo pas lebaran sih nder beres lebaran mlmnya brg sepupu nonton kkn desa tari trs k c udh antri stg jam ngga gara antri parah smp ditelp smaa mama sepupu udh blm dikunciin pintu krna emang udh malem banget kek jam lbh,0.0,0.0,netral
nsabdoellah tanyarlfes kalo sih mending baca thread nya kak krn baca tu ajak berekspetasi dgn gambar sembari nungguin film rilis biokop tp takut kecewa krn thread yg baca sm film beda ajar kkn desa tari hmm,0.0,0.0,netral
batas danilla ost kkn desa tari https co nloghxpt,0.0,0.0,netral
bambinyayy malem biar mistis kayak pilm kkn desa tari,0.0,0.0,netral
lipaikecil tanyarlfes taxi online emang cerita kumpul berangkat kkn bapak cerita cerita bapak cerita kkn sempet tiada gara gara jadi kkn desa tari sebenernya gapercaya cont,0.0,0.0,netral
kevsentosa lipaikecil tanyarlfes tau simple man khusus bwt cerita horor base true story karna kkn desa tari sukses itu sdh brp th cerita film untung sewu dino kalo follow sm tau jd ttp sumber treat sm,0.669047619047619,-0.15000000000000002,negatif
tanyarlfes rem kkn desa tari,0.0,0.0,netral
kkn desa tari luwih dowo luwih medeni badarawuhi jadiin wahyu pasang https co dch oi,0.0,0.0,netral
tanyarlfes ga minat kecewa kkn desa tari produksi md,0.0,0.0,netral
cerita horor kisah nyata kkn desa tari https co chlbwmp pv filmhoror kisahnyata ceritahoror simanisjembatacol nyirorokidul pasarhantu gununglawu kuyang wewegombel lampor kkndesapenari https co xqv ad ttt,0.0,0.0,netral
lipaikecil tanyarlfes gasih yg sadar kkn desa tari tuh cerita bgt cerita see see judul kkn nya,0.0,0.0,netral
vouyagerd oh iya mkn desa tari booming bgt tau yg,0.0,0.0,netral
kkn desa tari,0.0,0.0,netral
thing like kkn desa tari soundtrack https co sq w gm,0.0,0.0,netral
moonnasabit baca nonton kkn desa tari g,0.0,0.0,netral
songkere vivacoid wkwkwk akun yg dlu rara tutup benernya buka twitter cm ikut simpleman sih gara dlu fenomenal bgt story kkn desa tari bikin twitter cm baca misteri yg macam males debat w benernya g nyangka aja komen nya pe gin,0.0,0.0,netral
tanyarlfes trauma ekspektasi patah kkn desa tari,0.0,0.0,netral
lipaikecil tanyarlfes kkn desa tari film udah ready threadnya sumber orang dalem bioskop ngurusin gala premiere film indo based true story ditambahin aja seru,0.575,0.275,positif
yyunhoateez anjrit semangat mahasiswa unhar kknnya moga dapet desa tari main dance ateez,0.3333333333333333,0.16666666666666666,positif
winterb clov iya skeptis semenjak kkn desa tari isi cerita kek emg fiksi sampai akan nyata,0.0,0.0,netral
haaanchooo gara desa tari mikir akun isi sebenernya scenario film kisah nyata,0.0,0.0,netral
event kali judul kkn gak desa tari yeyyy,0.0,0.0,netral
film kalah bagus kkn desa tari https co whpanm z,0.0,0.0,netral
lipaikecil tanyarlfes kkn desa tari nyata badarawuhi ad udh cek tkp sewu dino jg nyata rem rem pabrik gula karna situ setan emng beneran wkwkwk,0.0,0.0,netral
tanyarlfes rem kkn desa tari sih asli,0.0,0.0,netral
tanyarlfes reall rem bgtt kkn desa tari gada nya seremm,0.0,0.0,netral
badarawuhi gak ikut kutip film kkn desa tari https co eronygrpdc,0.0,0.0,netral
tanyarlfes udaaaaah inget bgt puasa nunggu sahur iseng baca rem sewu dino kkn desa tari,0.0,0.0,netral
foreverlovyoun wkwkkw bener percis kkn desa tari sih skenario gin males bgt,0.0,0.0,netral
unpopular opinion baca sewu dina gk merinding pas baca kkn desa tari mgkn krna ga bgitu paham cerita yg sewu dina,0.0,0.0,netral
jangmifleur lipaikecil tanyarlfes iya mbak kkn desa tari sewu dino tulis simple man fiksi asli nikmat,0.35714285714285715,0.0,netral
ga kapok kkn desa tari,0.0,0.0,netral
tanyarlfes bentar cerita dri simple man fiksi nyata gue percaya kkn desa tari,0.35714285714285715,0.0,netral
kkn desa tari tidur,0.0,0.0,netral
moviemenfes kkn desa tari,0.0,0.0,netral
kisah kkn desa tari ambil kisah nyata mahasiswa kkn desa tonton https co nyioqarhhl,0.0,0.0,netral
kkn desa tari luwih dowo luwih medeni seru roadshow malaysia https co dy w xaokk,0.0,0.0,netral
usul badarawuhi film kkn desa tari doyan wik wik penasran film tonton https co nyioqarhhl,0.0,0.0,netral
cw kkn desa tari crossover horror disturbing cerita mimpi ku tau kwak jih blio uler tuh mmg uler malem mimpi ketemu badarajihan trus si jay,0.8,-0.5,negatif
movie kkn desa tari full movie https co nyioqarhhl lupa like share follow,0.55,0.35,positif
tari lengger maut indomovie desa pageralas gempar satu warga hilang misterius yg sama dr jati pindah desa tsb temu sukma tari lengger yg lantik https co utzsmstj v,0.0,0.0,netral
kkn desa tari luwih dowo luwih medeni seru roadshow singapore https co lie kd c j,0.0,0.0,netral
kkn desa tari,0.0,0.0,netral
bina citer ape tu bina yg tari nari pastu kena kacau tu nak tengok ni kkn desa tari https co etu cidizf,0.0,0.0,netral
harga tiket bioskop kkn desa tari,0.0,0.0,netral
tomholliee radenn mas recehtapisayng dongeng handal aja biar film kek kkn desa tari https co r pnic p,0.0,0.0,netral
kkn desa tari,0.0,0.0,netral
movie aja drakor ak jg ngantuk itaewon class ngantuk start ngantuk kkn desa tari ngantuk train dragon ngantuk,0.0,0.0,netral
pas jd bopung pas kkn desa tari https co dhzvixlgn,0.0,0.0,netral
custodeidan buka hp nyalain instalive judul livestream kkn desa tari,0.0,0.0,netral
moviemenfes kkn desa tari,0.0,0.0,netral
daoielle buset pkl desa tari yaa,0.0,0.0,netral
mvs yg udah direncanain bareng mantan pas film tayang keburu pegat sender kkn desa tari,0.0,0.0,netral
tantidisini desa tari,0.0,0.0,netral
habis ngrobrol karna mas heran sen acara temen kuliah mba main iya temen kkn mas weh mba e kkn kkn desa tari hoo koyo dewi persik kae dewi persik main film kkn nuwun mas wes ajak ngobrol wkwk,0.3333333333333333,0.16666666666666666,positif
film kalah bagus kkn desa tari https co whpanm z,0.0,0.0,netral
badarawuhi gak ikut kutip film kkn desa tari https co eronygrpdc,0.0,0.0,netral
kisah kkn desa tari ambil kisah nyata mahasiswa kkn desa tonton https co nyioqarhhl,0.0,0.0,netral
usul badarawuhi film kkn desa tari doyan wik wik penasran film tonton https co nyioqarhhl,0.0,0.0,netral
movie kkn desa tari full movie https co nyioqarhhl lupa like share follow,0.55,0.35,positif
alam ruh astral plane alam barzakh alam akhirat khodam alam ruh cmiiw ramadan annohegirae supernaturalhorrorsleeperhits kkn desa tari https co xgcgzzyaud https co rb yblqpmu,0.0,0.0,netral
kkn d sa tari,0.0,0.0,netral
gembuie kaya kemarin nuntut ilmu desa tari,0.0,0.0,netral
kenal farrel ayodhia yusuf teliti pengaruh media sosial pasar sukses film kkn desa tari tonton film kkn desa tari bioskop bantu kknmovie https co agd pzxmpd,0.0,0.0,netral
nonton kkn desa tari telat wkwk,0.0,0.0,netral
sweetleah tari desa tari,0.0,0.0,netral
kayana kenal yuk sosok budaya kali irwanda putra seniman tari latih kirab budaya desa tuksongo yuk kayana saksi sudut pandang putra sang tari indonesiana tv maret wib sosokbudaya indonesianatv https co ioqa dehh,0.0,0.0,netral
link nonton kkn desa tari telegram aman jalantikus https co olxp wddc,0.0,0.0,netral
undipmenfess desa tari,0.0,0.0,netral
kkn desa tari alur cerita yg lompat untung juta tonton bioskop https co vi dncqncw,0.0,0.0,netral
mohneymaloloh suryaps agusyudhoyono ngweri desa tari jilid,0.0,0.0,netral
film kalah bagus kkn desa tari https co whpanm z,0.0,0.0,netral
last least film indonesia laku bioskop versi extended nya kkn desa tari luwih dowo luwih medeni hadir mei https co aet uhcff,0.23333333333333334,-0.15,negatif
badarawuhi gak ikut kutip film kkn desa tari https co eronygrpdc,0.0,0.0,netral
schaleadea kak sasya emang desa desa tari ya,0.0,0.0,netral
kisah kkn desa tari ambil kisah nyata mahasiswa kkn desa tonton https co nyioqarhhl,0.0,0.0,netral
usul badarawuhi film kkn desa tari doyan wik wik penasran film tonton https co nyioqarhhl,0.0,0.0,netral
movie kkn desa tari full movie https co nyioqarhhl lupa like share follow,0.55,0.35,positif
lee zii jia new dancer badarawuhi kkn desa tari https co zxoxb u jg,0.45454545454545453,0.13636363636363635,positif
moviemenfes kkn desa tari nder bumi manusia bagus banget nonton,0.0,0.0,netral
moviemenfes kkn desa tari wkwkw,0.0,0.0,netral
moviemenfes kkn desa tari shutter island fight club marriage story,0.0,0.0,netral
tanyakanrl tuju sma thread kkn desa tari film,0.0,0.0,netral
masmaskacamata desa tari,0.0,0.0,netral
nct menfess ga rem isi ngakak dream kkn desa tari tuh gw nonton ngakak bgt,0.0,0.0,netral
evrythingokei ndek desa tari ta,0.0,0.0,netral
rumahidaman kkn desa tari,0.0,0.0,netral
moharyz tp muka paksa reminds kkn desa tari,0.0,0.0,netral
mitsumuichi kuro stark hishangchi sync xahltam memefess kkn desa tari pfftt,0.6,-0.2,negatif
dhat sinden kkn kit official audio kkn desa tari https co nyba wtz,0.0,0.0,netral
danilla batas ost kkn desa tari https co sfch kwjen,0.0,0.0,netral
baru primevideo qodrat maret induk gajah season maret srimulat hil mustahal babak maret sassy girl april autobiography april miracle cell april hitmen april kkn desa tari luwih dowo luwih medeni mei,0.0,0.0,netral
ririastria pegi banyuwangi kkn desa tari,0.0,0.0,netral
suddenly remember moment dreamies went kkn desa tari haunted house https co l pw ecsuy,0.5,0.0,netral
bring back nct dream wahana kkn desa tari https co nh rmm e,0.0,0.0,netral
danilla batas ost kkn desa tari bts mv behind song music video https co bgfa zftzs,0.7,-0.4,negatif
film kalah bagus kkn desa tari https co whpanm z,0.0,0.0,netral
ngakak liat story wa dr gianne rumah kkn desa tari barutau gunung kidul https co lnnz arzzh,0.0,0.0,netral
tonton film kkn desa tari versi versi extended bioskop mohon sedia isi kuisoner terima kasih kategori tonton film kkn desa tari bioskop uncut extended,0.8,-0.5,negatif
bantu farrel lulus tolong bantu farrel lulus kenal farrel ayodhia yusuf teliti pengaruh media sosial pasar sukses film kkn desa tari,0.0,0.0,netral
badarawuhi gak ikut kutip film kkn desa tari https co eronygrpdc,0.0,0.0,netral
yuk yuk sebentar ketemu ayu desa tari https co fcivit iyp,0.0,0.0,netral
nungguin jala wahyu kkn desa tari https co nvd igijx,0.0,0.0,netral
kisah kkn desa tari ambil kisah nyata mahasiswa kkn desa tonton https co nyioqarhhl,0.0,0.0,netral
moviemenfes kkn desa tari uncut extended director exclusive never seen footage hidden eater egg,0.5666666666666667,-0.3333333333333333,negatif
usul badarawuhi film kkn desa tari doyan wik wik penasran film tonton https co nyioqarhhl,0.0,0.0,netral
dewa lagu batas hasil bikin merinding reaction music video ost kkn desa tari https co jdjtbue ko,0.0,0.0,netral
movie kkn desa tari full movie https co nyioqarhhl lupa like share follow,0.55,0.35,positif
batas danilla hasil bikin merinding kkn desa tari short https co dpxawekxp,0.3,0.0,netral
moviemenfes kkn desa tari,0.0,0.0,netral
danilla lafa tantang main sambung lirik ost kkn desa tari sambung lirik challenge https co c rp br w,0.3333333333333333,0.16666666666666666,positif
danilla ggung kalah main sambung lirik ost kkn desa tari short https co ptfgqfcpiq,0.31666666666666665,0.08333333333333333,positif
mukkbangkeong worksfess rem cerita kak kkn desa tari kalah,0.0,0.0,netral
dengerin pake headset aja keren pake dolby atmos ost kkn desa tari short https co rbsppigxk,0.3,0.0,netral
gokil bagus music video batas danilla reaction music video ost kkn desa tari https co qr kcoch,0.0,0.0,netral
moviemenfes sorry bgt kkn desa tari,1.0,-0.5,negatif
moviemenfes qodrat kkn desa tari allah gw g ridho lillahita ala nonton film trash si bioskop,0.0,0.0,netral
moviemenfes kkn desa tari extended uncut director cut deluxe edition,0.8500000000000001,0.04999999999999999,positif
dengar openingnya aja langsung merinding ost kkn desa tari short https co h zhz oozd,0.3,0.0,netral
harga tiket bioskop kkn desa tari,0.0,0.0,netral
jujur takut liat rem kkn desa tari,0.0,0.0,netral
prastiwiindras kkn desa tari,0.0,0.0,netral
rem aulia sarah aneh dengar alu sinden ost kkn desa tari https co okfhvefu f,0.0,0.0,netral
asa uji nyali dengerin alu sinden dhat ost kkn desa tari https co drjuwoaxj,0.0,0.0,netral
pikir hokage desa tari ya,0.0,0.0,netral
merinding gak kuat dengerin sampe habis dhat kit ost kkn desa tari https co lzn kpdac,0.0,0.0,netral
mojokdotco ashiapman kkn desa tari,0.0,0.0,netral
littlemoon kkn desa tari,0.0,0.0,netral
mvs kkn desa tari versi extended tayang april prime excited https co ndlf ea,0.75,0.375,positif
temu badarawuhi desa tari kkn desa tari luwih dowo luwih medeni tayang mei primevideoid kkndidesapenari luwihdowoluwihmedeni kknmovie pichousefilms mdpictures mdentertainment primevideo https co nmly tioey,0.0,0.0,netral
temu badarawuhi desa tari kkn desa tari luwih dowo luwih medeni tayang mei primevideoid kkndidesapenari luwihdowoluwihmedeni kknmovie pichousefilms mdpictures mdentertainment primevideo https co cdaw bdxwm,0.0,0.0,netral
temu badarawuhi desa tari kkn desa tari luwih dowo luwih medeni tayang mei primevideoid kkndidesapenari luwihdowoluwihmedeni kknmovie pichousefilms mdpictures mdentertainment primevideo https co ai gc nzty,0.0,0.0,netral
temu badarawuhi desa tari kkn desa tari luwih dowo luwih medeni tayang mei primevideoid kkndidesapenari luwihdowoluwihmedeni kknmovie pichousefilms mdpictures mdentertainment primevideo https co eds bhno,0.0,0.0,netral
bikin trit buk biar ti yg jadiin lem kayak kkn desa tari,0.0,0.0,netral
film kalah bagus kkn desa tari https co whpanm z,0.0,0.0,netral
badarawuhi gak ikut kutip film kkn desa tari https co eronygrpdc,0.0,0.0,netral
wviinteo kkn desa tari,0.0,0.0,netral
chatgpt store data indonesian autobase gives misinformation answer put wikipedia including also unique case well asked kkn desa tari answered misinformation,1.0,0.375,positif
paltiwest desa tari sih,0.0,0.0,netral
sewu dino beneran bikin gue bayang bayang mulu anjir btw gara kkn desa tari gue kambek twitter hiatus,0.0,0.0,netral
kisah kkn desa tari ambil kisah nyata mahasiswa kkn desa tonton https co nyioqarhhl,0.0,0.0,netral
usul badarawuhi film kkn desa tari doyan wik wik penasran film tonton https co nyioqarhhl,0.0,0.0,netral
movie kkn desa tari full movie https co nyioqarhhl lupa like share follow,0.55,0.35,positif
kit dhat official lyric video ost kkn desa tari https co hrnha gyoo,0.65,0.25,positif
jujur hari mikir desa tari yg kkn desa tari astaga https co arbljwd bx,0.0,0.0,netral
ccaoca kkn desa tari season,0.0,0.0,netral
tanyakanrl kkm desa tari,0.0,0.0,netral
kit dhat bedah lirik ost kkn desa tari https co yuormrjew,0.0,0.0,netral
anakpanadol merinding darl keinget scene kkn desa tari yg tiba nari hutan malam,0.0,0.0,netral
lanjut tonton kkn desa tari emut pocky,0.0,0.0,netral
gyuqxka kyk kkn desa tari,0.0,0.0,netral
icafasih syuting kkn desa tari wkwk,0.0,0.0,netral
nctzenbase byangin ntar jaemin kluar dri rumah hantu baju udah compang camping krna tarik renjun haechan wktu wahana kkn desa tari aja tarik renjun ga melar baju,0.0,0.0,netral
film indonesia tayang prime video ramadhan qodrat induk gajah srimulat hil mustahal sassy girl autobiogrphy miracle cell hitmen kkn desa tari https co p tgmjmvsy,0.0,0.0,netral
kkn desa tari juta tonton tahun telah,0.0,0.0,netral
nus coming prime video qodrat mar induk gajah mar srimulat hil mustahal mar sassy girl apr autobiography apr miracle cell apr hitmen apr kkn desa tari luwih dowo luwih medeni may,0.0,0.0,netral
yumewune tau ah kkn desa tari becomes top grossing film indo skrg org kek gin goblok think theyre mc horror movie,0.5,0.5,positif
tanyarlfes cerita simplem sinpenulis kkn desa tari,0.0,0.0,netral
malvin juan tanyakanrl bener sih bang kemungki ting gak percaya orang kayak film gw ga percaya film kkn desa tari true story yg percaya true story,0.65,0.35,positif
ardhitya tio arep nyaingi kkn desa tari dadi kkn desa,0.0,0.0,netral
upanpuan tanyarlfes backsound kkn desa tari pas iku,0.0,0.0,netral
moviemenfes nonton kkn desa tari doang,0.0,0.0,netral
hochiolatte msh kaya sih viral nya bareng kkn desa tari tp lupa akun yg nya search thread sewu dino muncul ka wkwk,0.0,0.0,netral
pecah warkop dki reborn juta tonton kkn desa tari juta tonton,0.0,0.0,netral
shinemahae adhityoagam tanyarlfes lho uy tulis kkn desa tari sewu dino sewu kali rem desa tari,0.0,0.0,netral
seribuanaja awisuryadi barangkali minat kkn desa tari pt bang,0.0,0.0,netral
nojakapan sakit hati kalo dipake bangkit listrik tenaga surya udh rang tapak tilas desa tari https co nejpiy ci,0.0,0.0,netral
tu kali baca thread simple man kkn desa tari ituu rem bgtt trus abis tu baca rem kkn desa tari,0.35714285714285715,0.0,netral
kuda kepang seram kkn desa tari tu cerita dikffkak,0.0,0.0,netral
desa banyuwangi rapopo kkn desa tari lesgo,0.0,0.0,netral
jenohukum desa tari,0.0,0.0,netral
kerja minionsnya simpleman horor yg booming lg kaya kkn desa tari goblok,0.0,0.0,netral
ubsansfess desa tari nder,0.0,0.0,netral
sambut ramadan keliling sungkem sinema lokal ustadz qodrat kkn desa tari leuwih dowo leuwih medeni sampe geng srimulat nih yg jd temen ngabuburit primevideoid,0.0,0.0,netral
film kalah bagus kkn desa tari https co whpanm z,0.0,0.0,netral
kkn desa tari extended version tayang prime video mei ti https co jurhvkwbph,0.0,0.0,netral
peaarrlyyy kkn desa tari,0.0,0.0,netral
badarawuhi gak ikut kutip film kkn desa tari https co eronygrpdc,0.0,0.0,netral
wafahusain ubsansfess camat kkn desa tari wkwk,0.0,0.0,netral
ubsansfess kelompok desa tari,0.0,0.0,netral
anj dapet kkn banyuwangi kkn desa tari ril kah,0.0,0.0,netral
review konten viral kkn desa tari milik nessie jugde nerror link https co ec cif mg pmmuajy masboi,0.0,0.0,netral
kisah kkn desa tari ambil kisah nyata mahasiswa kkn desa tonton https co nyioqarhhl,0.0,0.0,netral
usul badarawuhi film kkn desa tari doyan wik wik penasran film tonton https co nyioqarhhl,0.0,0.0,netral
movie kkn desa tari full movie https co nyioqarhhl lupa like share follow,0.55,0.35,positif
theonlykiaz tanyarlfes mikir aja make logika cerita kek gin tuh banget tebar sosmed jatuh kaya cerita kkn desa tari tuh apalgi foto burem ga gitu ya skeptis,0.0,0.0,netral
tanyarlfes inget film sewu dino lanjut kkn desa tari,0.0,0.0,netral
trus random bacain thread wkwkk seru jg kaya pas baca cerita kkn desa tari scroll scroll ga asa,0.5,-0.5,negatif
cite pulau tu x byk jumpscare mcm kkn desa tari vibe seram ok tp scene tu brilliant jumpscare ending expect pon mcm tu pikir logic la ending tp sgt old cliche patotnya beyond expectation la sikit maybe nak happy ending kot,0.675,0.575,positif
myjeongooo indomyfess dancer desa tari iye kalik,0.0,0.0,netral
list film horror tonton bioskop since conjuring kkn desa tari maghrib udah ya kalo ga nambah kecuali insidious conjuring tayang,0.0,0.0,netral
ted kho piokharisma tuju aksen jawa aktor aktris film kkn desa tari ganggu bgt asli maksud gw kalo indo ya indo aja kalo jawa ya jawa,0.0,0.0,netral
moviemenfes kkn desa tari,0.0,0.0,netral
film kalah bagus kkn desa tari https co whpanm z,0.0,0.0,netral
badarawuhi gak ikut kutip film kkn desa tari https co eronygrpdc,0.0,0.0,netral
kisah kkn desa tari ambil kisah nyata mahasiswa kkn desa tonton https co nyioqarhhl,0.0,0.0,netral
usul badarawuhi film kkn desa tari doyan wik wik penasran film tonton https co nyioqarhhl,0.0,0.0,netral
harga tiket kkn desa tari,0.0,0.0,netral
movie kkn desa tari full movie https co nyioqarhhl lupa like share follow,0.55,0.35,positif
oke review kkn desa tari peti film rilis sayang pan https co fauglpd ceritahoror,0.0,0.0,netral
tanyarlfes santet sunrise java desa tari,0.0,0.0,netral
tanyarlfes thread kkn desa tari,0.0,0.0,netral
padukakolorijo kosple kkn desa tari kak,0.0,0.0,netral
tanyarlfes santet ujung jawa kkn desa tari,0.0,0.0,netral
tanyarlfes baca thread kkn desa tari,0.0,0.0,netral
ambil batang cigaret usir penat dingin desa glagah angin tiup terpa pepoho depan rumah liuk liuk tari latar acara festival dance tambah suasana cekam malam kali desa glagah pintu rumah tetiba derit,0.0,0.0,netral
kyaiahy kkn desa tari,0.0,0.0,netral
firdaustaicho hezerisamsuri mcm scene kkn desa tari,0.0,0.0,netral
kkn desa tari film film horor indonesia rekor tonton https co ppfwtpggp,0.0,0.0,netral
masnovaa liat komen komennya jd ngebayangin wik wik tengah hutan dalem tendam ntar kena karma kayak film kkn desa tari wwkkwkw maaf salfok bang random jg komen ku hha,0.5,-0.5,negatif
kisah kkn desa tari angkat layar lebar https co j u hyqyj,0.0,0.0,netral
md pictures angkat kisah kkn desa tari layar lebar https co p nddtrahm,0.0,0.0,netral
sosok simpleman rahasia kkn desa tari https co f hdg nsjv,0.0,0.0,netral
dandhy laksono cucukdonartono nek antagonise beda teh ketoe kkn desa tari ki,0.0,0.0,netral
collegemenfess kkn tempat yg gaada sinyal wkwk masuk hutan bilang desa hutan pas survey lgsng mikir duh kaya kkn desa tari sempet gamau kkn seru pgn lagi gasemenakutkan mikir kaya pgn kkn sampe lulus gamau skripsi wkwk,0.6,-0.3,negatif
film kalah bagus kkn desa tari https co whpanm z,0.0,0.0,netral
badarawuhi gak ikut kutip film kkn desa tari https co eronygrpdc,0.0,0.0,netral
scaraameowz desa tari,0.0,0.0,netral
kisah kkn desa tari ambil kisah nyata mahasiswa kkn desa tonton https co nyioqarhhl,0.0,0.0,netral
mimpi mlm td jln bal jd kes kkn desa tari subuh,0.0,0.0,netral
usul badarawuhi film kkn desa tari doyan wik wik penasran film tonton https co nyioqarhhl,0.0,0.0,netral
kkn desa tari gentayang layar lebar https co chbqw,0.0,0.0,netral
movie kkn desa tari full movie https co nyioqarhhl lupa like share follow,0.55,0.35,positif
nextjack scenariese magurameudin abeduh sih kkn desa tari gak ngeh,0.0,0.0,netral
moviemenfes kkn desa tari,0.0,0.0,netral
moviemenfes kkn desa tari anjir bgt,0.0,0.0,netral
added new video kkn desa tari background metal https co ufbiqi ur video https co rm x,0.45454545454545453,0.13636363636363635,positif
sseongbe oh manoj punjabi ajak main kkn desa tari jgn,0.3333333333333333,0.16666666666666666,positif
psycheax desa tari ga,0.0,0.0,netral
kkn desa tari sewu dino itula prik bgt kaya rewatch kkn dikit dikit huaoooo,0.0,0.0,netral
film kalah bagus kkn desa tari https co whpanm z,0.0,0.0,netral
wahh iki cerita yg turut ngga kalah epic dr kkn desa tari mantul cc simplem,0.4,0.1,positif
badarawuhi gak ikut kutip film kkn desa tari https co eronygrpdc,0.0,0.0,netral
kkn desa tari adegan nya ngga,0.0,0.0,netral
keluarga bawa anak gua tonton tu banyak film horror anak kecil tk umur gua nonton kkn desa tari coi ni keluarga bawa tu anak bocil duduk atas gua oke kalo bawa masuk aja enggaa,0.0,0.0,netral
latiefahnfauzi kochengfs rasuk setan tari desa kkn kah,0.0,0.0,netral
kisah kkn desa tari ambil kisah nyata mahasiswa kkn desa tonton https co nyioqarhhl,0.0,0.0,netral
yg per ko beda ya yg puter kkn desa tari uncut kemarin,0.8,-0.5,negatif
usul badarawuhi film kkn desa tari doyan wik wik penasran film tonton https co nyioqarhhl,0.0,0.0,netral
movie kkn desa tari full movie https co nyioqarhhl lupa like share follow,0.55,0.35,positif
simplem mas maaf nih nonton kkn desa tari streaming platform sih yg film akurat yg mas cerita twitter yg sewudino akurat terima kasih,0.0,0.0,netral
moviemenfes kkn desa tari,0.0,0.0,netral
boxofficemovie smoga kemas eksekusi keren ya sm directornya jgn kyk kkn desa tari scene scenenya plek ketiplek bgt kyk thread nya jelek bgt deh,0.0,0.0,netral
driver paham pandang lihat dua orang asli sidoarjo pandang janggal pikir bayang kisah desa tari tempo ramai duh,0.6,-0.3,negatif
starfess nct suka nari saman blusukan bantar gebang makan klepon bus tingkat nonton kkn desa tari kek udah jd indo banget nder wkwkw luar konteks karya yg sender cek yutup ya relay cam varshow mv behind scene,0.7,-0.4,negatif
askrlfess kkn desa tari wkwkk untung gak nonton bioskop,0.0,0.0,netral
masuk ranah horror efek serasa nonton trilogi danur kkn desa tari kepala pusing jumpscare sound berisik otak ledak banyak ketidakjelasan cerita tambah konklusi buru buru waras hilang,0.4,0.4,positif
sunookig sunghooj wocpil tolong ajar gua ngedance ngedance desa tari,0.0,0.0,netral
lebaran kemarin perdana kkn desa tari tayang excited bgt penasaran gak rem lebaran sewu dino tayang nya film horor tayang gercep mas hafid kaget,0.75,0.375,positif
film kalah bagus kkn desa tari https co whpanm z,0.0,0.0,netral
chikiballisgood desa tari,0.0,0.0,netral
moviemenfes kkn desa tari porno,0.0,0.0,netral
badarawuhi gak ikut kutip film kkn desa tari https co eronygrpdc,0.0,0.0,netral
cenayangfilm kkn desa tari bunuh,0.0,0.0,netral
kisah kkn desa tari ambil kisah nyata mahasiswa kkn desa tonton https co nyioqarhhl,0.0,0.0,netral
usul badarawuhi film kkn desa tari doyan wik wik penasran film tonton https co nyioqarhhl,0.0,0.0,netral
movie kkn desa tari full movie https co nyioqarhhl lupa like share follow,0.55,0.35,positif
film warkop dki reborn nya rako prijanto biang kerok film film asun mawardi danur universe worst kkn desa tari versi apa,1.0,-1.0,negatif
starfess ilichil nari poco nari saman pake sarung dreamies wahana kkn desa tari ngevlog badarawuhi salim muh chonlo kena angin jkt suka salah resto seafood sana kurleb nder,0.0,0.0,netral
kkn desa tari bosan lupa dah tengok movie ni lepas lepas tu takda mood nak sambung,0.0,0.0,netral
asih encanto danur kkn desa tari,0.0,0.0,netral
kkn desa tari https co dpcgxps ah paku kuntilanak https co qpdgo ilty tali pocong perawan https co lcqesswlen pocong keliling https co eifdd dp abdi setan https co h fjbtvyo request dm,0.0,0.0,netral
seventeenxgyu korupsi kolusi nepotisme kkn desa tari,0.0,0.0,netral
tudys wendy kkn ape desa tari,0.0,0.0,netral
dwianggaf kkn desa tari ae ngga,0.0,0.0,netral
gimana xixixi nih lanjut fakta fakta kkn desa tari tahu tiser ad fakta yg bikin tidur engga teg https co j ksfhx faktamisteri crimitif lampukota oprec selaras,0.0,0.0,netral
habis bahas cerita kkn desa tari ga lengkap engga mana lokasi desa tari xixixi kepo cari mba dawuh sana mari kesini https co bpj umjdsu faktamisteri crimitif lampukota oprec selaras,0.0,0.0,netral
tuju abdi setan muncul film horror level kecuali kkn desa tari semi nya njir nonton breng ortu otomatis habis film selesai silent,0.1,0.0,netral
udah ga asing cerita kkn desa tari bega lengkap dengerin cerita misteri tin lagu https co mewhnfel ceritamisteri cermis crimitif lampukota oprec selaras,0.0,0.0,netral
oke review kkn desa tari luwih dowo luwih medeni https co u vf xhuvh film,0.0,0.0,netral
moviemenfes kkn desa tari,0.0,0.0,netral
najaemtekin kmrn aja main kkn desa tari,0.3333333333333333,0.16666666666666666,positif
kkn desa tari opo maneh iki https co eu odckt,0.0,0.0,netral
film kalah bagus kkn desa tari https co whpanm z,0.0,0.0,netral
kali movie date nonton kkn desa tari film nya ga gitu rem visual hantu hantu ramah liat udah cemberut duluan film ngeluarin musik musik gamelan,0.0,0.0,netral
yaegyuji haahhh astaga gitu ya film horor indo bagus lho kemaren film horor indo yg tonton bagus yah ya nya bbrp engga bener kaya kkn desa tari gitu,0.0,0.0,netral
badarawuhi gak ikut kutip film kkn desa tari https co eronygrpdc,0.0,0.0,netral
nct menfess wayv transjakarta nct dream akrab hantu wahana kkn desa tari nct dream joget lagu indo nct nari poco poco nari saman renjun citayem fw jaemin makan seblak,0.0,0.0,netral
geleng samar samar wajah laksmi sesat desa windualit korban demit tari alas mayit pulang ti kenal,1.0,-0.4,negatif
kisah kkn desa tari ambil kisah nyata mahasiswa kkn desa tonton https co nyioqarhhl,0.0,0.0,netral
usul badarawuhi film kkn desa tari doyan wik wik penasran film tonton https co nyioqarhhl,0.0,0.0,netral
movie kkn desa tari full movie https co nyioqarhhl lupa like share follow,0.55,0.35,positif
kkn desa tari produksi md pictures pichouse films https co apwzkkjzhb,0.0,0.0,netral
leeknyaw korupsi kolusi nepotisme kkn desa tari,0.0,0.0,netral
nct menfess renjun citayem fashion week jeno jaemin goyang bang jali dreamies wah kkn desa tari ilichil goyang poco poco jaemin mark jisung cover dance mendung tanpo udan wayv keliling jakarta tj haechan johnny taeil taeyong ba wadimor wkwk,0.0,0.0,netral
nct menfess nct daily sub bahasa jawa edisi jaemin jeno sepeda akun official jeno jaemin nyuci baju persija bekas renjun citayem fashion week chenle pasar ikan nct dream wahana kkn desa tari,0.0,0.0,netral
nct menfess nct dream masuk wahana kkn desa tari,0.0,0.0,netral
nct dream indonesia akrab badarawuhi pas main wahana kkn desa tari renjun citayem fashion week ngepost pake caption bahasa gaul chenle hunting seafood basket satpam jaemin ken nyoba seblak salim muh jaemin makan mie kremes,0.3333333333333333,0.16666666666666666,positif
jeno jaemin many experiences indonesia volunteer bantargebang bekas meet sultan andara joget bang jali selfie went wahana kkn desa tari met muh list goes https co xccs ssw,0.5,0.5,positif
convomf kkn desa tari,0.0,0.0,netral
nct dream nyoba wahana kkn desa tari nct dream salim muh makinn ga masuk akal banget cokkkk,0.0,0.0,netral
nctzenbase idol wahana desa tari wkwk,0.0,0.0,netral
serba serbi nct dream indo renjun citayem fashion week akrab badarawuhi pas main wahana kkn desa tari chenle hunting seafood basket satpam ngepost pake caption bahasa gaul jaemin ken nyoba seblak salim muh,0.3333333333333333,0.16666666666666666,positif
historivitae hayden poster film kkn desa tari,0.0,0.0,netral
historivitae hayden poster film kkn desa tari,0.0,0.0,netral
convomf kkn desa tari wkwk,0.0,0.0,netral
naravitaminz pls iyaaa kek kkn desa tari pake cut uncut plsss,0.8,-0.5,negatif
convomf kkn desa tari,0.0,0.0,netral
mala udah kaya kkn desa tari,0.0,0.0,netral
manoj punjabi umum kkn desa tari tayang https co ei acvzyu,0.0,0.0,netral
apaapaansi desa tari gak tuh,0.0,0.0,netral
film kalah bagus kkn desa tari https co whpanm z,0.0,0.0,netral
malem malem tetangga muter lagu banyuwangi kenceng bgt etss langsung keinget salah scene kkn desa tari anj mrindinggss,0.0,0.0,netral
film kalah kkn desa tari yg tempat posisi dasar film yg angkat daei thread yg viralnya maen,0.0,0.0,netral
badarawuhi gak ikut kutip film kkn desa tari https co eronygrpdc,0.0,0.0,netral
ayu berangkat kkn per film kkn desa tari https co q w ttvwnl,0.0,0.0,netral
resthourminimum lg kkn desa tari yak,0.0,0.0,netral
kisah kkn desa tari ambil kisah nyata mahasiswa kkn desa tonton https co nyioqarhhl,0.0,0.0,netral
usul badarawuhi film kkn desa tari doyan wik wik penasran film tonton https co nyioqarhhl,0.0,0.0,netral
manoj punjabi nonton jam mentah film kkn desa tari https co vb c satmn,0.0,0.0,netral
movie kkn desa tari full movie https co nyioqarhhl lupa like share follow,0.55,0.35,positif
manoj punjabi wartawan kait strategi film kkn desa tari https co cpkyuf nch,0.0,0.0,netral
kkn desa tari simpleman flyfbp https co eexhytzdy https co pre skqazz,0.0,0.0,netral
kkn desa tari j kcs c https co hfujxj zp https co tzs qeetjf,0.0,0.0,netral
modus kkn desa tari https co hichbzz f,0.0,0.0,netral
manoj punjabi pilih casting per film kkn desa tari https co jmuqulnkvp,0.0,0.0,netral
jokoanwar pegawai negeri kkn bikin konsep horor remake desa tari kkn,0.0,0.0,netral
penasaran lokasi film kkn desa tari manoj punjabi https co ckehlrjjn,0.0,0.0,netral
tanyarlfes kkn desa tari pesan moral sagapung,0.25,0.0,netral
kendala syuting film kkn desa tari langsung manoj punjabi https co qmba yzhlu,0.0,0.0,netral
mvs maaf ngelanggar nonton kkn desa tari nih yg nonton bareng ngelanggar w hapus,0.0,0.0,netral
befourjune kkn desa tari,0.0,0.0,netral
kkn desa tari,0.0,0.0,netral
zoobabystation nonton film co driver film kayak kkn desa tari nonton ya aja seh emang salah ya nonton,0.0,0.0,netral
sapihujann marketingnya jago mor kek kkn desa tari goreng terussss,0.0,0.0,netral
tanyarlfes kkn desa tari ngentot sembarang,0.0,0.0,netral
tanyarlfes udah yg gampang film kkn desa tari pesan moral mana tempat sopan hormat adat daerah laennya ato sinetron indosiar,0.25,0.0,netral
harga tiket kkn desa tari,0.0,0.0,netral
keepersanemi ayo sanemi tulis kalimat koreksi shinobu pulang rekan rekan habis libur inap desa tari,0.0,0.0,netral
kkn desa tari ngelihat anya ngereog,0.0,0.0,netral
seputartetangga ajak murid smk sih nonton film kelas request film horor indeed kkn desa tari film hype aja film indo genre trend,0.0,0.0,netral
kemarin nonton kkn desa tari sampe bawa suasana nya,0.0,0.0,netral
bolohoooooooo fesss mba suka baca novel ga novel isi tulis doang ya bilang cerita seru baca thread kkn desa tari bilang rem banget cekam tulis doang,0.0,0.0,netral
film sewu dino garap kimo stamboel manoj punjabi jamin seram film kkn desa tari https co mhdq n lr,0.0,0.0,netral
film kalah bagus kkn desa tari https co whpanm z,0.0,0.0,netral
badarawuhi gak ikut kutip film kkn desa tari https co eronygrpdc,0.0,0.0,netral
faktonei detikcom detiksumut bneran film debut kkn desa tari wkwkwk tp jd mua sfxnya wkwkkw https co gozlz yqij,0.0,0.0,netral
zxxdxn skenario putusnyo lantak nak fokus skripsi selingkuh pas kkn men slingkuh moga bae kknyo desa tari biar langsung tinggal,0.0,0.0,netral
tanyakanrl nggak twitter cerita kkn desa tari,0.0,0.0,netral
kisah kkn desa tari ambil kisah nyata mahasiswa kkn desa tonton https co nyioqarhhl,0.0,0.0,netral
usul badarawuhi film kkn desa tari doyan wik wik penasran film tonton https co nyioqarhhl,0.0,0.0,netral
movie kkn desa tari full movie https co nyioqarhhl lupa like share follow,0.55,0.35,positif
harga tiket kkn desa tari,0.0,0.0,netral
kejorapurnama bandung real place desa tari shit literally go,0.55,0.0,netral
arafunetetsuji wow jual tinggi kaya kkn desa tari ga sih jelek,1.0,0.1,positif
moviemenfes kkn desa tari since des https co j bzmye,0.0,0.0,netral
lucu bahas jelek bagus yg bales pake angka ekwkkwkk kkn desa tari tonton banget overall film aja masuk ffi aja kagak,0.0,0.0,netral
imigrran remake film kkn desa tari dung wkwk,0.0,0.0,netral
moviemenfes nonton kkn desa tari min seru gin https co ql rbdrs,0.0,0.0,netral
moviemenfes kkn desa tari bareng doi kak aku takut doi gak takut buka mata eh pas bener adegan langsung tutup mata,0.0,0.0,netral
katarsismanis desa tari breakdance jagakarsa ahahahah,0.0,0.0,netral
lobi bareng gudang ruang laundry pantry yg liat housing tuh pencil hutan malem gelap klo guru yg nganter gw pulang vibes nya kyk film kkn desa tari gitu gw sih aja damai gitu,0.0,0.0,netral
beyournoona kaya cerita kkn desa tari gitu yaa jiwa nya aja fisik nya,0.0,0.0,netral
moviemenfes kkn desa tari ahahah taun,0.0,0.0,netral
avengers eg kkn desa tari avengers iw spiderman nwh dr strange mom warkop dki reborn avatar wow captain marvel fate furious sat slaves ii,0.575,0.025,positif
sbyfess kalo suka alam sih nder pantai gunung kidul bebas kali adem gunung api purba nglanggeran kalo gak capek jalan jalan kaki jam sungai mudal kaliurang sih lupa nama yg syuting kkn desa tari,0.0,0.0,netral
nonton bioskop kkn desa tari dibayarin temen mo booking kaget larang wkwkk,0.0,0.0,netral
harga tiket bioskop kkn desa tari,0.0,0.0,netral
wownoou unfriendless kkn desa tari kak,0.0,0.0,netral
film kalah bagus kkn desa tari https co whpanm z,0.0,0.0,netral
badarawuhi gak ikut kutip film kkn desa tari https co eronygrpdc,0.0,0.0,netral
kisah kkn desa tari ambil kisah nyata mahasiswa kkn desa tonton https co nyioqarhhl,0.0,0.0,netral
moviemenfes kkn desa tari,0.0,0.0,netral
moviemenfes kkn desa tari,0.0,0.0,netral
usul badarawuhi film kkn desa tari doyan wik wik penasran film tonton https co nyioqarhhl,0.0,0.0,netral
movie kkn desa tari full movie https co nyioqarhhl lupa like share follow,0.55,0.35,positif
moviemenfes kkn desa tari udh bgt woyyy,0.0,0.0,netral
kit bedah lirik alu sinden dhat ost kkn desa tari luwih dowo luwih medeni https co p nnzhaixk,0.0,0.0,netral
moviemenfes kkn desa tari,0.0,0.0,netral
moviemenfes kkn desa tari uncut,0.8,-0.5,negatif
merinding live dhat kit hajat kkn desa tari luwih dowo luwih medeni https co vtlpbip,0.5,0.13636363636363635,positif
moviemenfes sepi jelek nder rame bahas bagus contoh kkn desa tari rame bahas gua b aja selera,0.0,0.0,netral
moviemenfes desember kmrn pas mlm nonton kkn desa tari sm mas crush wkwk,0.0,0.0,netral
moviemenfes kkn desa tari,0.0,0.0,netral
efenerr desa tari,0.0,0.0,netral
bittychuu hutan banyuwangi lokasi kkn desa tari,0.0,0.0,netral
horror story kkn desa tari versi nur https co jmd hz flq https co btzgcyzvca,0.0,0.0,netral
moviemenfes curi raden saleh kkn desa tari duluan si,0.0,0.0,netral
cerita horor kkn desa tari versi widya https co jz q bjn https co oiw ef ln,0.0,0.0,netral
moviemenfes kkn desa tari,0.0,0.0,netral
moviemenfes kkn desa tari penasaran habis gak nonton bioskop gak sempet,0.0,0.0,netral
moviemenfes udah nonton kkn desa tari,0.0,0.0,netral
moviemenfes kkn desa tari,0.0,0.0,netral
minsilnf wkakaka tau km kaya kkn desa tari,0.0,0.0,netral
